,FraudReported
0,0
1,1
2,1
3,1
4,1
5,0
6,1
7,1
8,0
9,1
10,1
11,1
12,0
13,0
14,1
15,1
16,1
17,1
18,0
19,1
20,0
21,1
22,1
23,0
24,0
25,1
26,0
27,1
28,0
29,0
30,1
31,1
32,0
33,1
34,0
35,0
36,1
37,0
38,1
39,1
40,1
41,1
42,1
43,1
44,1
45,0
46,0
47,1
48,1
49,1
50,0
51,0
52,1
53,1
54,1
55,1
56,0
57,1
58,0
59,1
60,0
61,0
62,1
63,1
64,1
65,1
66,1
67,0
68,1
69,1
70,1
71,1
72,1
73,1
74,0
75,0
76,0
77,0
78,1
79,0
80,1
81,0
82,1
83,1
84,1
85,1
86,1
87,1
88,1
89,0
90,1
91,1
92,0
93,0
94,0
95,1
96,0
97,1
98,1
99,0
100,1
101,0
102,1
103,0
104,0
105,0
106,0
107,1
108,1
109,0
110,0
111,1
112,1
113,1
114,0
115,1
116,1
117,0
118,1
119,1
120,1
121,1
122,1
123,0
124,0
125,1
126,1
127,1
128,1
129,0
130,1
131,1
132,1
133,1
134,1
135,0
136,1
137,1
138,1
139,1
140,0
141,1
142,1
143,0
144,0
145,1
146,1
147,1
148,1
149,1
150,1
151,0
152,1
153,1
154,0
155,1
156,1
157,1
158,1
159,1
160,1
161,0
162,0
163,0
164,1
165,1
166,0
167,0
168,0
169,1
170,1
171,1
172,1
173,0
174,1
175,0
176,0
177,0
178,1
179,1
180,1
181,1
182,1
183,1
184,1
185,0
186,1
187,1
188,1
189,1
190,0
191,0
192,1
193,0
194,0
195,0
196,1
197,1
198,1
199,1
200,1
201,0
202,1
203,1
204,0
205,0
206,1
207,1
208,0
209,1
210,0
211,0
212,1
213,0
214,1
215,1
216,1
217,1
218,0
219,1
220,0
221,1
222,0
223,1
224,1
225,0
226,0
227,1
228,1
229,0
230,1
231,0
232,1
233,0
234,0
235,0
236,0
237,0
238,0
239,1
240,1
241,1
242,1
243,0
244,1
245,0
246,1
247,0
248,1
249,0
250,1
251,1
252,1
253,0
254,0
255,0
256,1
257,1
258,0
259,1
260,1
261,1
262,1
263,0
264,1
265,1
266,0
267,1
268,1
269,1
270,1
271,0
272,0
273,0
274,1
275,1
276,1
277,0
278,1
279,1
280,1
281,1
282,1
283,1
284,1
285,1
286,0
287,1
288,0
289,1
290,1
291,1
292,0
293,1
294,0
295,0
296,1
297,0
298,0
299,0
300,1
301,1
302,0
303,1
304,0
305,0
306,1
307,0
308,1
309,0
310,1
311,0
312,0
313,0
314,1
315,1
316,1
317,1
318,1
319,1
320,1
321,1
322,1
323,0
324,1
325,0
326,1
327,0
328,1
329,1
330,1
331,0
332,0
333,1
334,1
335,0
336,1
337,1
338,0
339,1
340,1
341,0
342,0
343,0
344,0
345,1
346,0
347,1
348,1
349,1
350,1
351,1
352,0
353,1
354,1
355,1
356,0
357,0
358,1
359,1
360,1
361,0
362,1
363,1
364,0
365,1
366,1
367,0
368,0
369,0
370,0
371,1
372,0
373,0
374,1
375,0
376,1
377,0
378,1
379,0
380,1
381,1
382,1
383,0
384,1
385,0
386,0
387,1
388,1
389,0
390,1
391,0
392,0
393,1
394,0
395,1
396,0
397,1
398,1
399,0
400,1
401,0
402,1
403,1
404,0
405,0
406,1
407,1
408,0
409,0
410,0
411,1
412,1
413,1
414,1
415,1
416,0
417,1
418,1
419,0
420,0
421,0
422,1
423,0
424,1
425,1
426,0
427,1
428,0
429,1
430,1
431,1
432,0
433,1
434,1
435,0
436,0
437,1
438,1
439,0
440,1
441,1
442,1
443,1
444,0
445,1
446,0
447,0
448,0
449,1
450,1
451,0
452,0
453,1
454,0
455,1
456,1
457,1
458,1
459,1
460,1
461,0
462,1
463,1
464,0
465,1
466,1
467,1
468,1
469,1
470,1
471,0
472,0
473,1
474,0
475,0
476,0
477,1
478,0
479,0
480,1
481,1
482,1
483,1
484,0
485,0
486,0
487,0
488,1
489,1
490,0
491,1
492,0
493,1
494,1
495,1
496,1
497,0
498,0
499,0
500,1
501,1
502,0
503,0
504,1
505,1
506,1
507,1
508,1
509,0
510,0
511,1
512,1
513,1
514,1
515,1
516,1
517,1
518,0
519,1
520,1
521,0
522,0
523,1
524,0
525,0
526,0
527,0
528,1
529,1
530,1
531,0
532,1
533,1
534,0
535,1
536,1
537,1
538,1
539,1
540,1
541,1
542,1
543,1
544,1
545,0
546,0
547,0
548,0
549,1
550,1
551,1
552,1
553,0
554,0
555,1
556,1
557,1
558,1
559,1
560,1
561,1
562,1
563,1
564,1
565,0
566,0
567,1
568,1
569,1
570,1
571,1
572,1
573,1
574,0
575,1
576,1
577,0
578,0
579,1
580,1
581,1
582,0
583,1
584,1
585,1
586,1
587,1
588,0
589,0
590,0
591,0
592,0
593,0
594,0
595,1
596,1
597,1
598,1
599,0
600,1
601,1
602,1
603,1
604,1
605,0
606,1
607,1
608,1
609,1
610,1
611,1
612,0
613,1
614,0
615,1
616,0
617,0
618,1
619,1
620,1
621,0
622,0
623,1
624,0
625,1
626,1
627,0
628,0
629,1
630,1
631,1
632,0
633,0
634,0
635,0
636,1
637,1
638,1
639,1
640,1
641,0
642,1
643,1
644,1
645,1
646,1
647,1
648,0
649,0
650,1
651,0
652,0
653,1
654,1
655,0
656,0
657,1
658,1
659,1
660,0
661,1
662,0
663,1
664,1
665,1
666,1
667,1
668,0
669,1
670,0
671,1
672,0
673,1
674,1
675,0
676,0
677,0
678,1
679,0
680,1
681,1
682,0
683,0
684,1
685,0
686,1
687,1
688,1
689,1
690,0
691,1
692,0
693,1
694,1
695,0
696,1
697,1
698,1
699,1
700,1
701,1
702,0
703,0
704,1
705,1
706,0
707,1
708,1
709,1
710,1
711,1
712,1
713,1
714,0
715,0
716,1
717,1
718,1
719,0
720,1
721,1
722,1
723,1
724,0
725,0
726,1
727,0
728,1
729,1
730,0
731,1
732,1
733,0
734,1
735,0
736,1
737,1
738,1
739,1
740,1
741,1
742,0
743,1
744,1
745,1
746,1
747,1
748,1
749,0
750,1
751,1
752,0
753,0
754,1
755,0
756,1
757,0
758,0
759,0
760,0
761,0
762,1
763,0
764,1
765,1
766,1
767,1
768,1
769,0
770,1
771,1
772,0
773,1
774,1
775,1
776,1
777,0
778,0
779,0
780,1
781,1
782,1
783,1
784,0
785,1
786,0
787,1
788,1
789,1
790,1
791,0
792,0
793,1
794,0
795,1
796,1
797,0
798,1
799,0
800,0
801,1
802,1
803,1
804,1
805,0
806,1
807,0
808,1
809,1
810,1
811,1
812,1
813,1
814,0
815,1
816,0
817,0
818,1
819,1
820,1
821,1
822,1
823,0
824,0
825,0
826,0
827,1
828,1
829,1
830,1
831,0
832,0
833,1
834,1
835,0
836,0
837,0
838,1
839,0
840,0
841,1
842,1
843,1
844,1
845,1
846,1
847,1
848,0
849,1
850,1
851,1
852,0
853,1
854,0
855,1
856,0
857,1
858,1
859,0
860,1
861,1
862,0
863,0
864,1
865,1
866,0
867,1
868,0
869,1
870,1
871,0
872,1
873,1
874,1
875,1
876,0
877,1
878,0
879,0
880,1
881,1
882,1
883,1
884,1
885,0
886,0
887,0
888,0
889,1
890,1
891,1
892,1
893,1
894,0
895,1
896,0
897,1
898,0
899,1
900,0
901,1
902,1
903,1
904,1
905,1
906,0
907,0
908,1
909,1
910,0
911,0
912,0
913,1
914,0
915,0
916,1
917,0
918,1
919,0
920,1
921,1
922,1
923,1
924,0
925,1
926,0
927,1
928,1
929,1
930,0
931,1
932,1
933,0
934,1
935,0
936,1
937,1
938,0
939,1
940,0
941,1
942,1
943,0
944,1
945,0
946,1
947,1
948,1
949,1
950,1
951,0
952,1
953,0
954,0
955,1
956,1
957,1
958,1
959,1
960,1
961,0
962,1
963,1
964,1
965,1
966,0
967,0
968,0
969,0
970,0
971,1
972,0
973,1
974,1
975,1
976,1
977,1
978,0
979,1
980,1
981,1
982,0
983,1
984,1
985,0
986,1
987,1
988,0
989,1
990,1
991,1
992,0
993,1
994,1
995,1
996,0
997,0
998,1
999,1
1000,1
1001,1
1002,1
1003,1
1004,1
1005,1
1006,1
1007,1
1008,0
1009,0
1010,0
1011,1
1012,1
1013,0
1014,1
1015,0
1016,0
1017,0
1018,1
1019,0
1020,1
1021,0
1022,0
1023,1
1024,0
1025,1
1026,1
1027,1
1028,1
1029,0
1030,0
1031,1
1032,0
1033,1
1034,1
1035,1
1036,0
1037,1
1038,0
1039,1
1040,1
1041,1
1042,1
1043,1
1044,0
1045,1
1046,0
1047,1
1048,1
1049,0
1050,0
1051,0
1052,1
1053,1
1054,0
1055,1
1056,1
1057,1
1058,0
1059,0
1060,1
1061,1
1062,1
1063,1
1064,0
1065,0
1066,1
1067,0
1068,1
1069,0
1070,1
1071,1
1072,1
1073,1
1074,1
1075,1
1076,1
1077,1
1078,1
1079,0
1080,1
1081,0
1082,1
1083,1
1084,1
1085,1
1086,0
1087,1
1088,1
1089,1
1090,1
1091,1
1092,0
1093,1
1094,1
1095,0
1096,1
1097,0
1098,1
1099,1
1100,0
1101,1
1102,1
1103,0
1104,1
1105,0
1106,0
1107,1
1108,1
1109,0
1110,1
1111,1
1112,1
1113,1
1114,0
1115,1
1116,0
1117,1
1118,0
1119,0
1120,1
1121,1
1122,0
1123,0
1124,1
1125,0
1126,0
1127,0
1128,1
1129,1
1130,0
1131,1
1132,1
1133,1
1134,1
1135,1
1136,0
1137,1
1138,0
1139,0
1140,1
1141,1
1142,0
1143,1
1144,0
1145,1
1146,0
1147,0
1148,1
1149,1
1150,1
1151,1
1152,0
1153,1
1154,1
1155,0
1156,1
1157,1
1158,1
1159,0
1160,0
1161,1
1162,1
1163,0
1164,1
1165,1
1166,0
1167,1
1168,1
1169,1
1170,1
1171,1
1172,1
1173,0
1174,1
1175,1
1176,0
1177,0
1178,0
1179,1
1180,0
1181,1
1182,1
1183,0
1184,1
1185,0
1186,1
1187,1
1188,0
1189,1
1190,1
1191,0
1192,1
1193,1
1194,0
1195,1
1196,1
1197,1
1198,1
1199,1
1200,1
1201,1
1202,1
1203,1
1204,1
1205,1
1206,0
1207,1
1208,0
1209,1
1210,1
1211,1
1212,0
1213,0
1214,1
1215,1
1216,1
1217,1
1218,1
1219,1
1220,1
1221,1
1222,1
1223,1
1224,1
1225,0
1226,1
1227,1
1228,1
1229,1
1230,1
1231,0
1232,0
1233,1
1234,1
1235,0
1236,1
1237,1
1238,1
1239,0
1240,0
1241,0
1242,0
1243,0
1244,1
1245,1
1246,0
1247,0
1248,0
1249,0
1250,0
1251,1
1252,1
1253,1
1254,0
1255,1
1256,1
1257,1
1258,0
1259,0
1260,1
1261,1
1262,1
1263,0
1264,1
1265,0
1266,1
1267,1
1268,1
1269,1
1270,0
1271,1
1272,1
1273,1
1274,0
1275,0
1276,0
1277,1
1278,0
1279,1
1280,0
1281,1
1282,1
1283,1
1284,1
1285,0
1286,1
1287,1
1288,0
1289,1
1290,1
1291,1
1292,0
1293,1
1294,0
1295,1
1296,1
1297,0
1298,1
1299,0
1300,1
1301,1
1302,1
1303,1
1304,1
1305,0
1306,1
1307,0
1308,0
1309,0
1310,0
1311,0
1312,0
1313,0
1314,1
1315,1
1316,1
1317,1
1318,0
1319,0
1320,0
1321,1
1322,0
1323,0
1324,0
1325,1
1326,0
1327,0
1328,0
1329,1
1330,0
1331,0
1332,0
1333,0
1334,1
1335,1
1336,1
1337,0
1338,1
1339,1
1340,0
1341,0
1342,0
1343,1
1344,1
1345,1
1346,0
1347,1
1348,0
1349,1
1350,1
1351,0
1352,1
1353,0
1354,0
1355,0
1356,1
1357,1
1358,1
1359,1
1360,0
1361,1
1362,0
1363,1
1364,0
1365,1
1366,0
1367,1
1368,0
1369,1
1370,0
1371,1
1372,1
1373,1
1374,1
1375,1
1376,1
1377,1
1378,1
1379,1
1380,1
1381,1
1382,1
1383,0
1384,1
1385,1
1386,0
1387,1
1388,1
1389,0
1390,1
1391,1
1392,1
1393,1
1394,0
1395,1
1396,1
1397,1
1398,1
1399,1
1400,0
1401,0
1402,1
1403,1
1404,0
1405,1
1406,1
1407,1
1408,0
1409,1
1410,1
1411,0
1412,1
1413,1
1414,1
1415,1
1416,1
1417,1
1418,1
1419,1
1420,0
1421,1
1422,1
1423,1
1424,1
1425,1
1426,1
1427,0
1428,0
1429,1
1430,0
1431,1
1432,1
1433,1
1434,1
1435,1
1436,0
1437,1
1438,1
1439,0
1440,1
1441,1
1442,1
1443,1
1444,1
1445,1
1446,0
1447,1
1448,1
1449,1
1450,1
1451,0
1452,0
1453,1
1454,1
1455,1
1456,1
1457,1
1458,1
1459,1
1460,1
1461,1
1462,0
1463,0
1464,0
1465,0
1466,0
1467,0
1468,1
1469,1
1470,1
1471,1
1472,0
1473,1
1474,0
1475,1
1476,1
1477,1
1478,0
1479,0
1480,0
1481,1
1482,1
1483,0
1484,0
1485,1
1486,0
1487,1
1488,1
1489,1
1490,1
1491,0
1492,0
1493,0
1494,1
1495,1
1496,1
1497,0
1498,0
1499,1
1500,1
1501,1
1502,0
1503,1
1504,1
1505,1
1506,1
1507,1
1508,1
1509,0
1510,1
1511,0
1512,1
1513,1
1514,0
1515,1
1516,1
1517,1
1518,0
1519,0
1520,0
1521,0
1522,0
1523,0
1524,1
1525,1
1526,1
1527,0
1528,0
1529,1
1530,1
1531,0
1532,0
1533,0
1534,1
1535,1
1536,1
1537,1
1538,0
1539,0
1540,1
1541,0
1542,1
1543,1
1544,1
1545,0
1546,0
1547,0
1548,1
1549,1
1550,1
1551,1
1552,1
1553,1
1554,0
1555,1
1556,0
1557,1
1558,1
1559,1
1560,0
1561,1
1562,0
1563,1
1564,1
1565,1
1566,1
1567,0
1568,1
1569,1
1570,1
1571,1
1572,1
1573,0
1574,1
1575,0
1576,1
1577,0
1578,0
1579,0
1580,1
1581,1
1582,0
1583,1
1584,1
1585,1
1586,1
1587,1
1588,1
1589,1
1590,1
1591,1
1592,0
1593,1
1594,1
1595,1
1596,1
1597,0
1598,1
1599,1
1600,1
1601,0
1602,1
1603,1
1604,1
1605,1
1606,1
1607,1
1608,1
1609,1
1610,1
1611,1
1612,1
1613,0
1614,0
1615,1
1616,1
1617,1
1618,0
1619,1
1620,1
1621,1
1622,1
1623,1
1624,0
1625,0
1626,1
1627,0
1628,1
1629,0
1630,1
1631,1
1632,1
1633,1
1634,0
1635,1
1636,1
1637,1
1638,1
1639,0
1640,1
1641,1
1642,0
1643,0
1644,1
1645,1
1646,1
1647,0
1648,1
1649,0
1650,0
1651,1
1652,1
1653,1
1654,1
1655,1
1656,1
1657,1
1658,1
1659,0
1660,0
1661,0
1662,1
1663,0
1664,0
1665,1
1666,0
1667,0
1668,0
1669,1
1670,1
1671,0
1672,1
1673,0
1674,0
1675,1
1676,0
1677,1
1678,0
1679,1
1680,0
1681,1
1682,1
1683,1
1684,1
1685,0
1686,0
1687,1
1688,0
1689,1
1690,1
1691,0
1692,0
1693,0
1694,1
1695,1
1696,1
1697,1
1698,1
1699,0
1700,0
1701,0
1702,0
1703,0
1704,0
1705,1
1706,0
1707,0
1708,0
1709,1
1710,1
1711,1
1712,1
1713,0
1714,0
1715,1
1716,1
1717,1
1718,0
1719,1
1720,0
1721,1
1722,0
1723,1
1724,1
1725,0
1726,0
1727,0
1728,1
1729,1
1730,1
1731,1
1732,1
1733,1
1734,1
1735,0
1736,1
1737,1
1738,1
1739,1
1740,0
1741,0
1742,1
1743,1
1744,1
1745,0
1746,1
1747,1
1748,1
1749,1
1750,1
1751,1
1752,0
1753,1
1754,0
1755,1
1756,1
1757,1
1758,1
1759,1
1760,1
1761,0
1762,1
1763,1
1764,1
1765,0
1766,1
1767,1
1768,1
1769,0
1770,1
1771,1
1772,0
1773,1
1774,1
1775,1
1776,0
1777,1
1778,0
1779,1
1780,1
1781,1
1782,1
1783,0
1784,0
1785,0
1786,1
1787,0
1788,0
1789,1
1790,0
1791,0
1792,1
1793,0
1794,1
1795,1
1796,1
1797,1
1798,1
1799,0
1800,0
1801,1
1802,1
1803,0
1804,1
1805,0
1806,1
1807,1
1808,1
1809,1
1810,1
1811,1
1812,0
1813,0
1814,1
1815,0
1816,0
1817,1
1818,1
1819,1
1820,1
1821,1
1822,1
1823,1
1824,1
1825,1
1826,0
1827,0
1828,1
1829,0
1830,0
1831,0
1832,1
1833,1
1834,1
1835,1
1836,0
1837,0
1838,0
1839,0
1840,1
1841,0
1842,0
1843,0
1844,1
1845,1
1846,1
1847,0
1848,1
1849,1
1850,0
1851,1
1852,1
1853,1
1854,1
1855,0
1856,1
1857,1
1858,1
1859,0
1860,0
1861,1
1862,1
1863,0
1864,1
1865,1
1866,1
1867,1
1868,1
1869,1
1870,1
1871,0
1872,1
1873,0
1874,0
1875,1
1876,0
1877,0
1878,0
1879,0
1880,0
1881,1
1882,1
1883,0
1884,0
1885,0
1886,0
1887,1
1888,1
1889,1
1890,0
1891,0
1892,0
1893,0
1894,0
1895,0
1896,1
1897,1
1898,1
1899,0
1900,0
1901,1
1902,1
1903,1
1904,0
1905,1
1906,1
1907,0
1908,1
1909,1
1910,1
1911,0
1912,1
1913,0
1914,1
1915,0
1916,1
1917,1
1918,0
1919,0
1920,1
1921,0
1922,0
1923,1
1924,0
1925,1
1926,1
1927,1
1928,0
1929,1
1930,1
1931,0
1932,0
1933,1
1934,1
1935,1
1936,1
1937,1
1938,1
1939,0
1940,0
1941,1
1942,1
1943,1
1944,1
1945,1
1946,1
1947,0
1948,0
1949,1
1950,1
1951,1
1952,1
1953,0
1954,0
1955,1
1956,1
1957,1
1958,1
1959,1
1960,0
1961,0
1962,1
1963,0
1964,0
1965,1
1966,0
1967,1
1968,0
1969,1
1970,1
1971,1
1972,1
1973,1
1974,1
1975,0
1976,1
1977,0
1978,1
1979,1
1980,0
1981,1
1982,1
1983,0
1984,1
1985,1
1986,1
1987,0
1988,1
1989,0
1990,0
1991,1
1992,0
1993,0
1994,1
1995,1
1996,1
1997,1
1998,1
1999,0
2000,1
2001,1
2002,1
2003,1
2004,1
2005,0
2006,1
2007,1
2008,1
2009,1
2010,0
2011,0
2012,0
2013,0
2014,0
2015,0
2016,1
2017,1
2018,1
2019,1
2020,0
2021,0
2022,0
2023,1
2024,1
2025,1
2026,1
2027,0
2028,1
2029,1
2030,1
2031,0
2032,0
2033,1
2034,1
2035,1
2036,1
2037,0
2038,0
2039,1
2040,0
2041,1
2042,0
2043,0
2044,1
2045,1
2046,0
2047,0
2048,0
2049,1
2050,1
2051,1
2052,1
2053,0
2054,1
2055,1
2056,1
2057,0
2058,1
2059,1
2060,1
2061,0
2062,1
2063,1
2064,0
2065,1
2066,1
2067,0
2068,0
2069,0
2070,1
2071,1
2072,0
2073,0
2074,1
2075,1
2076,0
2077,1
2078,1
2079,1
2080,1
2081,0
2082,1
2083,1
2084,0
2085,1
2086,1
2087,0
2088,1
2089,0
2090,0
2091,0
2092,1
2093,1
2094,1
2095,0
2096,1
2097,1
2098,1
2099,1
2100,1
2101,1
2102,0
2103,1
2104,1
2105,1
2106,0
2107,1
2108,1
2109,1
2110,1
2111,1
2112,1
2113,1
2114,1
2115,0
2116,1
2117,0
2118,1
2119,1
2120,0
2121,1
2122,1
2123,0
2124,1
2125,1
2126,0
2127,1
2128,0
2129,1
2130,1
2131,1
2132,1
2133,1
2134,0
2135,1
2136,1
2137,1
2138,0
2139,1
2140,0
2141,1
2142,1
2143,1
2144,0
2145,0
2146,1
2147,0
2148,0
2149,0
2150,1
2151,1
2152,1
2153,1
2154,1
2155,0
2156,1
2157,1
2158,1
2159,1
2160,1
2161,0
2162,0
2163,0
2164,1
2165,1
2166,1
2167,1
2168,0
2169,0
2170,1
2171,0
2172,1
2173,1
2174,0
2175,1
2176,1
2177,1
2178,1
2179,1
2180,0
2181,0
2182,0
2183,1
2184,1
2185,1
2186,1
2187,1
2188,1
2189,1
2190,1
2191,0
2192,1
2193,1
2194,1
2195,0
2196,0
2197,1
2198,0
2199,1
2200,1
2201,1
2202,0
2203,1
2204,0
2205,1
2206,0
2207,0
2208,1
2209,0
2210,1
2211,1
2212,0
2213,0
2214,0
2215,1
2216,1
2217,1
2218,0
2219,0
2220,0
2221,0
2222,0
2223,1
2224,1
2225,0
2226,1
2227,0
2228,1
2229,0
2230,1
2231,1
2232,0
2233,1
2234,0
2235,0
2236,0
2237,0
2238,1
2239,0
2240,1
2241,1
2242,1
2243,1
2244,1
2245,1
2246,1
2247,1
2248,1
2249,1
2250,0
2251,1
2252,1
2253,1
2254,1
2255,1
2256,1
2257,1
2258,1
2259,1
2260,1
2261,1
2262,1
2263,1
2264,1
2265,1
2266,0
2267,1
2268,0
2269,1
2270,1
2271,1
2272,1
2273,1
2274,1
2275,0
2276,0
2277,1
2278,1
2279,1
2280,0
2281,1
2282,1
2283,1
2284,1
2285,1
2286,1
2287,0
2288,0
2289,1
2290,1
2291,0
2292,0
2293,0
2294,1
2295,0
2296,1
2297,0
2298,1
2299,0
2300,1
2301,1
2302,1
2303,1
2304,0
2305,1
2306,0
2307,1
2308,1
2309,0
2310,0
2311,1
2312,0
2313,0
2314,0
2315,1
2316,1
2317,1
2318,1
2319,1
2320,1
2321,0
2322,1
2323,0
2324,0
2325,1
2326,1
2327,0
2328,1
2329,0
2330,1
2331,0
2332,1
2333,1
2334,1
2335,0
2336,0
2337,0
2338,1
2339,1
2340,1
2341,0
2342,1
2343,1
2344,1
2345,1
2346,1
2347,1
2348,0
2349,1
2350,1
2351,1
2352,1
2353,1
2354,1
2355,1
2356,1
2357,0
2358,1
2359,1
2360,0
2361,1
2362,1
2363,1
2364,1
2365,1
2366,1
2367,1
2368,1
2369,0
2370,1
2371,0
2372,1
2373,1
2374,1
2375,0
2376,1
2377,0
2378,1
2379,1
2380,1
2381,1
2382,0
2383,0
2384,1
2385,0
2386,0
2387,1
2388,0
2389,1
2390,1
2391,1
2392,1
2393,0
2394,0
2395,0
2396,1
2397,0
2398,0
2399,1
2400,1
2401,1
2402,0
2403,1
2404,1
2405,0
2406,0
2407,0
2408,1
2409,1
2410,1
2411,1
2412,1
2413,1
2414,1
2415,0
2416,0
2417,1
2418,0
2419,1
2420,1
2421,0
2422,1
2423,1
2424,1
2425,1
2426,0
2427,1
2428,1
2429,0
2430,0
2431,1
2432,1
2433,1
2434,0
2435,1
2436,1
2437,1
2438,1
2439,1
2440,1
2441,1
2442,0
2443,0
2444,0
2445,1
2446,0
2447,0
2448,0
2449,0
2450,1
2451,0
2452,0
2453,1
2454,0
2455,1
2456,1
2457,0
2458,0
2459,1
2460,0
2461,0
2462,1
2463,1
2464,1
2465,1
2466,1
2467,1
2468,0
2469,0
2470,1
2471,1
2472,1
2473,0
2474,1
2475,1
2476,1
2477,1
2478,1
2479,1
2480,1
2481,0
2482,0
2483,0
2484,0
2485,0
2486,0
2487,1
2488,1
2489,1
2490,1
2491,0
2492,1
2493,0
2494,0
2495,1
2496,0
2497,1
2498,1
2499,1
2500,0
2501,1
2502,0
2503,1
2504,0
2505,0
2506,1
2507,0
2508,1
2509,1
2510,0
2511,0
2512,0
2513,0
2514,1
2515,0
2516,1
2517,0
2518,1
2519,0
2520,1
2521,0
2522,1
2523,1
2524,0
2525,1
2526,0
2527,0
2528,0
2529,1
2530,1
2531,1
2532,1
2533,1
2534,1
2535,0
2536,1
2537,1
2538,0
2539,0
2540,1
2541,0
2542,1
2543,1
2544,0
2545,1
2546,0
2547,0
2548,0
2549,1
2550,1
2551,1
2552,1
2553,0
2554,0
2555,0
2556,1
2557,0
2558,1
2559,1
2560,0
2561,1
2562,0
2563,1
2564,1
2565,1
2566,0
2567,1
2568,0
2569,1
2570,0
2571,1
2572,1
2573,1
2574,1
2575,0
2576,0
2577,1
2578,1
2579,0
2580,0
2581,1
2582,1
2583,1
2584,1
2585,1
2586,0
2587,1
2588,1
2589,1
2590,1
2591,1
2592,1
2593,1
2594,1
2595,1
2596,1
2597,1
2598,1
2599,0
2600,0
2601,0
2602,1
2603,0
2604,1
2605,0
2606,1
2607,0
2608,1
2609,1
2610,0
2611,1
2612,0
2613,1
2614,0
2615,0
2616,0
2617,1
2618,0
2619,1
2620,0
2621,1
2622,1
2623,1
2624,1
2625,0
2626,1
2627,0
2628,0
2629,1
2630,1
2631,1
2632,1
2633,0
2634,1
2635,0
2636,1
2637,1
2638,1
2639,0
2640,1
2641,1
2642,0
2643,0
2644,1
2645,0
2646,1
2647,1
2648,0
2649,0
2650,0
2651,1
2652,1
2653,1
2654,0
2655,1
2656,1
2657,1
2658,1
2659,1
2660,0
2661,1
2662,1
2663,1
2664,0
2665,0
2666,1
2667,0
2668,1
2669,0
2670,0
2671,0
2672,0
2673,1
2674,0
2675,1
2676,1
2677,1
2678,1
2679,0
2680,1
2681,1
2682,0
2683,1
2684,1
2685,1
2686,0
2687,0
2688,1
2689,1
2690,1
2691,1
2692,1
2693,0
2694,1
2695,1
2696,1
2697,1
2698,1
2699,1
2700,1
2701,1
2702,1
2703,1
2704,0
2705,1
2706,1
2707,1
2708,0
2709,0
2710,0
2711,1
2712,0
2713,0
2714,1
2715,0
2716,1
2717,1
2718,0
2719,1
2720,1
2721,1
2722,1
2723,1
2724,1
2725,1
2726,1
2727,1
2728,1
2729,0
2730,0
2731,1
2732,0
2733,0
2734,0
2735,0
2736,0
2737,0
2738,0
2739,1
2740,0
2741,1
2742,0
2743,1
2744,0
2745,1
2746,0
2747,0
2748,1
2749,0
2750,0
2751,0
2752,0
2753,1
2754,0
2755,1
2756,1
2757,1
2758,1
2759,1
2760,0
2761,1
2762,1
2763,1
2764,0
2765,1
2766,0
2767,1
2768,1
2769,0
2770,1
2771,1
2772,1
2773,0
2774,1
2775,1
2776,1
2777,1
2778,0
2779,1
2780,0
2781,1
2782,0
2783,1
2784,1
2785,1
2786,1
2787,0
2788,0
2789,1
2790,0
2791,0
2792,1
2793,1
2794,0
2795,0
2796,1
2797,1
2798,0
2799,0
2800,1
2801,1
2802,0
2803,1
2804,1
2805,0
2806,1
2807,0
2808,0
2809,1
2810,1
2811,1
2812,1
2813,1
2814,0
2815,1
2816,1
2817,0
2818,1
2819,1
2820,1
2821,1
2822,1
2823,0
2824,0
2825,0
2826,0
2827,1
2828,0
2829,1
2830,0
2831,0
2832,1
2833,1
2834,1
2835,1
2836,0
2837,1
2838,1
2839,1
2840,0
2841,1
2842,0
2843,0
2844,1
2845,1
2846,1
2847,1
2848,0
2849,1
2850,0
2851,1
2852,0
2853,1
2854,0
2855,0
2856,0
2857,1
2858,1
2859,1
2860,0
2861,1
2862,0
2863,1
2864,0
2865,1
2866,0
2867,1
2868,0
2869,0
2870,0
2871,0
2872,1
2873,1
2874,1
2875,0
2876,1
2877,1
2878,1
2879,1
2880,1
2881,0
2882,1
2883,0
2884,0
2885,0
2886,1
2887,1
2888,0
2889,1
2890,1
2891,0
2892,0
2893,0
2894,1
2895,0
2896,0
2897,0
2898,1
2899,0
2900,1
2901,1
2902,1
2903,1
2904,0
2905,0
2906,1
2907,0
2908,1
2909,1
2910,0
2911,1
2912,1
2913,1
2914,1
2915,1
2916,1
2917,1
2918,0
2919,1
2920,1
2921,1
2922,1
2923,0
2924,1
2925,1
2926,1
2927,0
2928,1
2929,0
2930,1
2931,0
2932,1
2933,0
2934,1
2935,1
2936,1
2937,1
2938,1
2939,1
2940,1
2941,1
2942,1
2943,0
2944,1
2945,1
2946,1
2947,1
2948,1
2949,0
2950,0
2951,0
2952,1
2953,1
2954,1
2955,1
2956,1
2957,1
2958,0
2959,1
2960,1
2961,1
2962,1
2963,1
2964,1
2965,0
2966,1
2967,1
2968,0
2969,1
2970,0
2971,1
2972,1
2973,1
2974,1
2975,1
2976,1
2977,0
2978,0
2979,0
2980,0
2981,1
2982,1
2983,0
2984,0
2985,1
2986,0
2987,0
2988,0
2989,0
2990,1
2991,0
2992,1
2993,0
2994,1
2995,0
2996,1
2997,0
2998,1
2999,1
3000,1
3001,1
3002,0
3003,0
3004,1
3005,0
3006,0
3007,1
3008,1
3009,1
3010,1
3011,1
3012,1
3013,1
3014,1
3015,1
3016,0
3017,1
3018,1
3019,1
3020,0
3021,1
3022,1
3023,1
3024,0
3025,1
3026,1
3027,0
3028,0
3029,0
3030,1
3031,0
3032,1
3033,1
3034,1
3035,1
3036,0
3037,1
3038,1
3039,1
3040,1
3041,1
3042,1
3043,1
3044,1
3045,1
3046,1
3047,0
3048,0
3049,0
3050,1
3051,0
3052,1
3053,1
3054,1
3055,0
3056,1
3057,0
3058,1
3059,1
3060,1
3061,1
3062,1
3063,0
3064,0
3065,0
3066,1
3067,1
3068,1
3069,1
3070,1
3071,1
3072,0
3073,0
3074,0
3075,1
3076,0
3077,0
3078,0
3079,0
3080,0
3081,1
3082,1
3083,1
3084,1
3085,0
3086,1
3087,1
3088,0
3089,0
3090,1
3091,0
3092,1
3093,0
3094,1
3095,0
3096,1
3097,0
3098,1
3099,1
3100,1
3101,1
3102,1
3103,0
3104,1
3105,1
3106,0
3107,1
3108,1
3109,0
3110,1
3111,0
3112,0
3113,1
3114,1
3115,0
3116,1
3117,1
3118,1
3119,0
3120,0
3121,1
3122,1
3123,0
3124,0
3125,1
3126,1
3127,1
3128,0
3129,1
3130,0
3131,1
3132,1
3133,1
3134,1
3135,1
3136,1
3137,0
3138,1
3139,0
3140,0
3141,1
3142,1
3143,1
3144,0
3145,1
3146,1
3147,1
3148,1
3149,1
3150,1
3151,1
3152,1
3153,1
3154,0
3155,1
3156,1
3157,0
3158,1
3159,0
3160,1
3161,1
3162,1
3163,0
3164,0
3165,1
3166,1
3167,1
3168,0
3169,0
3170,1
3171,1
3172,0
3173,1
3174,1
3175,0
3176,1
3177,1
3178,1
3179,1
3180,1
3181,1
3182,1
3183,1
3184,1
3185,0
3186,1
3187,1
3188,0
3189,0
3190,1
3191,1
3192,0
3193,1
3194,0
3195,1
3196,1
3197,0
3198,0
3199,0
3200,1
3201,0
3202,1
3203,1
3204,0
3205,1
3206,0
3207,1
3208,0
3209,0
3210,1
3211,1
3212,1
3213,0
3214,1
3215,1
3216,0
3217,1
3218,1
3219,1
3220,0
3221,0
3222,1
3223,1
3224,0
3225,0
3226,1
3227,1
3228,1
3229,1
3230,1
3231,1
3232,1
3233,0
3234,1
3235,0
3236,0
3237,0
3238,1
3239,1
3240,1
3241,1
3242,0
3243,0
3244,1
3245,0
3246,1
3247,1
3248,1
3249,1
3250,0
3251,1
3252,1
3253,1
3254,0
3255,0
3256,1
3257,1
3258,0
3259,0
3260,1
3261,1
3262,0
3263,1
3264,0
3265,1
3266,1
3267,1
3268,0
3269,1
3270,0
3271,1
3272,1
3273,1
3274,1
3275,0
3276,0
3277,1
3278,1
3279,1
3280,1
3281,1
3282,0
3283,0
3284,1
3285,0
3286,1
3287,0
3288,0
3289,1
3290,1
3291,0
3292,0
3293,0
3294,1
3295,1
3296,1
3297,1
3298,0
3299,0
3300,1
3301,1
3302,1
3303,1
3304,0
3305,0
3306,1
3307,1
3308,1
3309,1
3310,0
3311,1
3312,1
3313,0
3314,1
3315,1
3316,1
3317,0
3318,0
3319,1
3320,1
3321,1
3322,0
3323,1
3324,1
3325,0
3326,0
3327,0
3328,0
3329,0
3330,0
3331,1
3332,0
3333,0
3334,0
3335,0
3336,0
3337,0
3338,0
3339,1
3340,1
3341,1
3342,1
3343,1
3344,1
3345,0
3346,0
3347,1
3348,1
3349,0
3350,1
3351,1
3352,1
3353,0
3354,0
3355,1
3356,0
3357,0
3358,1
3359,0
3360,0
3361,1
3362,1
3363,0
3364,1
3365,0
3366,0
3367,1
3368,1
3369,1
3370,1
3371,1
3372,1
3373,1
3374,1
3375,0
3376,1
3377,1
3378,1
3379,0
3380,1
3381,0
3382,0
3383,0
3384,1
3385,1
3386,1
3387,1
3388,1
3389,0
3390,0
3391,1
3392,1
3393,1
3394,0
3395,1
3396,0
3397,0
3398,1
3399,1
3400,1
3401,0
3402,1
3403,1
3404,0
3405,1
3406,1
3407,0
3408,1
3409,0
3410,0
3411,1
3412,1
3413,1
3414,1
3415,0
3416,1
3417,0
3418,0
3419,0
3420,0
3421,0
3422,0
3423,0
3424,0
3425,0
3426,0
3427,0
3428,0
3429,1
3430,1
3431,1
3432,0
3433,1
3434,1
3435,0
3436,0
3437,0
3438,1
3439,1
3440,0
3441,1
3442,0
3443,0
3444,1
3445,0
3446,0
3447,1
3448,0
3449,1
3450,1
3451,0
3452,0
3453,1
3454,1
3455,1
3456,0
3457,1
3458,0
3459,0
3460,1
3461,0
3462,0
3463,1
3464,1
3465,1
3466,0
3467,0
3468,1
3469,1
3470,1
3471,0
3472,1
3473,0
3474,1
3475,1
3476,0
3477,0
3478,0
3479,1
3480,1
3481,0
3482,1
3483,0
3484,1
3485,1
3486,0
3487,1
3488,1
3489,1
3490,0
3491,1
3492,0
3493,0
3494,1
3495,1
3496,1
3497,1
3498,0
3499,0
3500,1
3501,0
3502,0
3503,1
3504,1
3505,0
3506,1
3507,0
3508,1
3509,1
3510,1
3511,0
3512,1
3513,1
3514,1
3515,1
3516,1
3517,1
3518,1
3519,0
3520,1
3521,1
3522,0
3523,0
3524,0
3525,1
3526,1
3527,1
3528,1
3529,1
3530,1
3531,1
3532,0
3533,1
3534,1
3535,1
3536,0
3537,0
3538,1
3539,1
3540,1
3541,1
3542,0
3543,0
3544,1
3545,1
3546,0
3547,1
3548,1
3549,1
3550,1
3551,1
3552,0
3553,1
3554,0
3555,0
3556,0
3557,0
3558,0
3559,1
3560,1
3561,1
3562,1
3563,1
3564,1
3565,0
3566,0
3567,1
3568,1
3569,0
3570,1
3571,0
3572,1
3573,1
3574,1
3575,1
3576,0
3577,0
3578,0
3579,1
3580,1
3581,0
3582,1
3583,1
3584,1
3585,1
3586,1
3587,0
3588,1
3589,1
3590,1
3591,0
3592,1
3593,0
3594,1
3595,0
3596,0
3597,1
3598,1
3599,1
3600,0
3601,0
3602,1
3603,1
3604,1
3605,0
3606,1
3607,1
3608,1
3609,1
3610,0
3611,1
3612,0
3613,1
3614,0
3615,1
3616,1
3617,0
3618,1
3619,0
3620,1
3621,1
3622,1
3623,0
3624,1
3625,1
3626,1
3627,1
3628,0
3629,1
3630,0
3631,1
3632,0
3633,1
3634,0
3635,1
3636,0
3637,0
3638,0
3639,1
3640,0
3641,1
3642,1
3643,1
3644,1
3645,0
3646,0
3647,1
3648,1
3649,1
3650,1
3651,0
3652,1
3653,1
3654,1
3655,0
3656,1
3657,1
3658,0
3659,0
3660,1
3661,0
3662,0
3663,1
3664,1
3665,1
3666,1
3667,0
3668,0
3669,1
3670,1
3671,0
3672,1
3673,0
3674,0
3675,0
3676,0
3677,0
3678,1
3679,1
3680,0
3681,1
3682,1
3683,1
3684,1
3685,1
3686,0
3687,1
3688,1
3689,0
3690,1
3691,1
3692,1
3693,0
3694,0
3695,0
3696,1
3697,0
3698,1
3699,1
3700,0
3701,1
3702,1
3703,1
3704,1
3705,1
3706,1
3707,0
3708,0
3709,1
3710,1
3711,1
3712,0
3713,0
3714,1
3715,1
3716,1
3717,1
3718,1
3719,0
3720,1
3721,1
3722,1
3723,1
3724,0
3725,0
3726,0
3727,0
3728,0
3729,0
3730,1
3731,0
3732,1
3733,1
3734,1
3735,1
3736,0
3737,1
3738,0
3739,1
3740,0
3741,1
3742,1
3743,0
3744,1
3745,1
3746,0
3747,0
3748,1
3749,0
3750,0
3751,1
3752,1
3753,0
3754,1
3755,0
3756,1
3757,1
3758,1
3759,1
3760,1
3761,1
3762,1
3763,0
3764,0
3765,1
3766,1
3767,1
3768,1
3769,0
3770,1
3771,0
3772,1
3773,0
3774,1
3775,1
3776,0
3777,1
3778,1
3779,0
3780,0
3781,0
3782,1
3783,1
3784,1
3785,1
3786,0
3787,0
3788,1
3789,0
3790,0
3791,0
3792,0
3793,1
3794,1
3795,1
3796,1
3797,1
3798,1
3799,1
3800,0
3801,0
3802,0
3803,1
3804,1
3805,1
3806,1
3807,1
3808,0
3809,1
3810,1
3811,1
3812,0
3813,0
3814,1
3815,0
3816,1
3817,1
3818,0
3819,1
3820,1
3821,1
3822,1
3823,0
3824,0
3825,1
3826,1
3827,0
3828,0
3829,0
3830,1
3831,1
3832,1
3833,0
3834,1
3835,1
3836,1
3837,0
3838,1
3839,0
3840,1
3841,1
3842,1
3843,1
3844,0
3845,0
3846,0
3847,0
3848,1
3849,1
3850,1
3851,0
3852,1
3853,1
3854,1
3855,1
3856,1
3857,0
3858,1
3859,1
3860,0
3861,1
3862,0
3863,0
3864,1
3865,1
3866,0
3867,0
3868,1
3869,1
3870,1
3871,0
3872,1
3873,1
3874,0
3875,1
3876,0
3877,1
3878,0
3879,1
3880,0
3881,0
3882,1
3883,0
3884,0
3885,1
3886,0
3887,0
3888,0
3889,1
3890,1
3891,1
3892,1
3893,0
3894,1
3895,1
3896,1
3897,1
3898,0
3899,0
3900,1
3901,0
3902,0
3903,1
3904,1
3905,0
3906,1
3907,0
3908,1
3909,1
3910,0
3911,0
3912,1
3913,1
3914,1
3915,1
3916,1
3917,0
3918,1
3919,0
3920,1
3921,1
3922,0
3923,1
3924,1
3925,0
3926,0
3927,1
3928,0
3929,1
3930,0
3931,1
3932,1
3933,1
3934,1
3935,1
3936,0
3937,1
3938,0
3939,0
3940,1
3941,1
3942,1
3943,1
3944,0
3945,1
3946,1
3947,1
3948,1
3949,1
3950,1
3951,1
3952,1
3953,1
3954,1
3955,1
3956,1
3957,1
3958,1
3959,1
3960,0
3961,0
3962,0
3963,1
3964,1
3965,1
3966,0
3967,1
3968,1
3969,1
3970,0
3971,0
3972,1
3973,1
3974,1
3975,0
3976,1
3977,1
3978,1
3979,1
3980,0
3981,0
3982,1
3983,0
3984,1
3985,1
3986,0
3987,0
3988,1
3989,1
3990,0
3991,1
3992,1
3993,1
3994,0
3995,0
3996,1
3997,1
3998,0
3999,1
4000,0
4001,1
4002,1
4003,0
4004,0
4005,0
4006,1
4007,0
4008,1
4009,1
4010,1
4011,0
4012,1
4013,1
4014,0
4015,1
4016,0
4017,1
4018,1
4019,0
4020,0
4021,1
4022,1
4023,0
4024,1
4025,1
4026,0
4027,0
4028,1
4029,1
4030,0
4031,1
4032,1
4033,1
4034,1
4035,1
4036,0
4037,1
4038,0
4039,0
4040,1
4041,1
4042,1
4043,1
4044,1
4045,1
4046,1
4047,1
4048,1
4049,1
4050,0
4051,0
4052,1
4053,1
4054,1
4055,0
4056,1
4057,0
4058,1
4059,1
4060,0
4061,1
4062,0
4063,0
4064,1
4065,0
4066,1
4067,1
4068,0
4069,0
4070,0
4071,1
4072,1
4073,1
4074,0
4075,1
4076,1
4077,1
4078,0
4079,0
4080,1
4081,0
4082,0
4083,1
4084,1
4085,0
4086,1
4087,0
4088,1
4089,0
4090,1
4091,1
4092,1
4093,1
4094,0
4095,1
4096,1
4097,1
4098,1
4099,1
4100,1
4101,0
4102,0
4103,1
4104,1
4105,1
4106,0
4107,0
4108,0
4109,1
4110,1
4111,0
4112,0
4113,1
4114,1
4115,0
4116,1
4117,0
4118,0
4119,1
4120,1
4121,1
4122,0
4123,1
4124,1
4125,1
4126,0
4127,1
4128,0
4129,1
4130,1
4131,1
4132,1
4133,0
4134,1
4135,1
4136,1
4137,1
4138,0
4139,1
4140,1
4141,0
4142,0
4143,1
4144,1
4145,1
4146,1
4147,1
4148,1
4149,1
4150,1
4151,1
4152,1
4153,1
4154,0
4155,0
4156,1
4157,1
4158,0
4159,0
4160,1
4161,0
4162,1
4163,1
4164,1
4165,1
4166,1
4167,1
4168,1
4169,0
4170,1
4171,0
4172,0
4173,0
4174,1
4175,1
4176,0
4177,0
4178,1
4179,1
4180,1
4181,1
4182,0
4183,0
4184,0
4185,1
4186,0
4187,1
4188,1
4189,1
4190,0
4191,1
4192,0
4193,1
4194,1
4195,0
4196,1
4197,0
4198,1
4199,1
4200,1
4201,1
4202,0
4203,1
4204,0
4205,1
4206,0
4207,1
4208,1
4209,1
4210,1
4211,0
4212,0
4213,0
4214,1
4215,0
4216,1
4217,1
4218,1
4219,1
4220,1
4221,1
4222,1
4223,1
4224,1
4225,0
4226,0
4227,1
4228,1
4229,1
4230,1
4231,1
4232,0
4233,0
4234,0
4235,0
4236,1
4237,0
4238,1
4239,1
4240,1
4241,1
4242,1
4243,1
4244,1
4245,0
4246,0
4247,1
4248,0
4249,1
4250,1
4251,1
4252,0
4253,0
4254,1
4255,0
4256,0
4257,1
4258,0
4259,1
4260,0
4261,1
4262,0
4263,1
4264,1
4265,0
4266,1
4267,0
4268,1
4269,1
4270,1
4271,0
4272,1
4273,1
4274,0
4275,1
4276,0
4277,1
4278,0
4279,0
4280,1
4281,1
4282,1
4283,1
4284,1
4285,1
4286,1
4287,0
4288,0
4289,1
4290,1
4291,1
4292,1
4293,0
4294,0
4295,1
4296,0
4297,1
4298,0
4299,0
4300,1
4301,0
4302,1
4303,1
4304,0
4305,1
4306,0
4307,1
4308,1
4309,1
4310,1
4311,0
4312,0
4313,0
4314,1
4315,1
4316,0
4317,0
4318,0
4319,1
4320,1
4321,1
4322,1
4323,0
4324,0
4325,0
4326,1
4327,0
4328,1
4329,1
4330,0
4331,0
4332,1
4333,1
4334,1
4335,0
4336,1
4337,1
4338,1
4339,0
4340,0
4341,0
4342,0
4343,0
4344,1
4345,0
4346,1
4347,0
4348,1
4349,1
4350,1
4351,1
4352,1
4353,1
4354,1
4355,0
4356,0
4357,0
4358,1
4359,0
4360,1
4361,1
4362,1
4363,1
4364,1
4365,1
4366,1
4367,0
4368,0
4369,1
4370,1
4371,1
4372,0
4373,1
4374,1
4375,0
4376,1
4377,1
4378,1
4379,1
4380,1
4381,0
4382,1
4383,0
4384,0
4385,1
4386,1
4387,0
4388,1
4389,1
4390,0
4391,1
4392,1
4393,1
4394,0
4395,0
4396,0
4397,1
4398,0
4399,1
4400,0
4401,1
4402,0
4403,0
4404,1
4405,0
4406,1
4407,0
4408,0
4409,0
4410,1
4411,0
4412,0
4413,1
4414,1
4415,1
4416,1
4417,1
4418,1
4419,1
4420,0
4421,1
4422,0
4423,1
4424,1
4425,0
4426,1
4427,1
4428,0
4429,1
4430,1
4431,0
4432,1
4433,1
4434,1
4435,0
4436,0
4437,1
4438,1
4439,0
4440,0
4441,0
4442,1
4443,1
4444,1
4445,0
4446,0
4447,0
4448,0
4449,0
4450,1
4451,1
4452,0
4453,0
4454,1
4455,0
4456,0
4457,0
4458,1
4459,0
4460,0
4461,0
4462,1
4463,1
4464,1
4465,1
4466,1
4467,0
4468,1
4469,0
4470,1
4471,0
4472,1
4473,1
4474,1
4475,0
4476,0
4477,1
4478,1
4479,1
4480,1
4481,1
4482,1
4483,1
4484,1
4485,0
4486,1
4487,1
4488,0
4489,1
4490,1
4491,0
4492,1
4493,1
4494,1
4495,1
4496,1
4497,0
4498,1
4499,0
4500,1
4501,1
4502,0
4503,0
4504,1
4505,0
4506,1
4507,0
4508,1
4509,1
4510,0
4511,1
4512,0
4513,1
4514,0
4515,1
4516,0
4517,1
4518,0
4519,1
4520,1
4521,1
4522,1
4523,1
4524,1
4525,1
4526,1
4527,1
4528,0
4529,1
4530,0
4531,1
4532,0
4533,0
4534,1
4535,0
4536,0
4537,1
4538,1
4539,0
4540,1
4541,1
4542,1
4543,1
4544,1
4545,0
4546,1
4547,0
4548,1
4549,0
4550,1
4551,1
4552,1
4553,0
4554,1
4555,0
4556,0
4557,1
4558,1
4559,1
4560,1
4561,1
4562,0
4563,1
4564,1
4565,0
4566,1
4567,0
4568,1
4569,1
4570,0
4571,1
4572,0
4573,0
4574,1
4575,0
4576,1
4577,1
4578,1
4579,1
4580,0
4581,1
4582,1
4583,1
4584,1
4585,0
4586,0
4587,1
4588,1
4589,0
4590,0
4591,0
4592,0
4593,1
4594,1
4595,1
4596,1
4597,1
4598,0
4599,0
4600,1
4601,1
4602,1
4603,1
4604,1
4605,1
4606,1
4607,1
4608,1
4609,1
4610,1
4611,0
4612,1
4613,0
4614,0
4615,1
4616,0
4617,1
4618,0
4619,1
4620,0
4621,1
4622,0
4623,0
4624,1
4625,1
4626,1
4627,1
4628,1
4629,1
4630,1
4631,0
4632,1
4633,1
4634,1
4635,1
4636,1
4637,0
4638,1
4639,1
4640,1
4641,1
4642,0
4643,0
4644,0
4645,1
4646,1
4647,0
4648,0
4649,1
4650,1
4651,1
4652,1
4653,1
4654,0
4655,1
4656,1
4657,1
4658,1
4659,0
4660,1
4661,1
4662,1
4663,0
4664,1
4665,1
4666,1
4667,0
4668,1
4669,0
4670,0
4671,0
4672,1
4673,1
4674,1
4675,1
4676,0
4677,1
4678,0
4679,1
4680,1
4681,1
4682,1
4683,1
4684,0
4685,1
4686,1
4687,1
4688,1
4689,1
4690,0
4691,1
4692,0
4693,1
4694,1
4695,1
4696,1
4697,1
4698,1
4699,0
4700,1
4701,0
4702,0
4703,0
4704,1
4705,0
4706,0
4707,1
4708,1
4709,1
4710,0
4711,0
4712,1
4713,1
4714,1
4715,0
4716,0
4717,1
4718,1
4719,0
4720,0
4721,1
4722,1
4723,1
4724,1
4725,1
4726,1
4727,0
4728,1
4729,1
4730,1
4731,1
4732,0
4733,0
4734,1
4735,1
4736,0
4737,0
4738,1
4739,1
4740,0
4741,1
4742,0
4743,0
4744,0
4745,0
4746,0
4747,1
4748,1
4749,0
4750,1
4751,0
4752,0
4753,1
4754,1
4755,0
4756,1
4757,1
4758,0
4759,1
4760,0
4761,1
4762,1
4763,1
4764,1
4765,0
4766,0
4767,1
4768,1
4769,1
4770,1
4771,1
4772,0
4773,1
4774,1
4775,1
4776,1
4777,1
4778,1
4779,0
4780,1
4781,0
4782,1
4783,1
4784,1
4785,1
4786,1
4787,1
4788,1
4789,1
4790,1
4791,0
4792,1
4793,0
4794,0
4795,1
4796,1
4797,0
4798,0
4799,0
4800,1
4801,0
4802,1
4803,1
4804,0
4805,1
4806,1
4807,1
4808,1
4809,0
4810,1
4811,1
4812,0
4813,0
4814,0
4815,1
4816,1
4817,1
4818,0
4819,0
4820,1
4821,0
4822,1
4823,0
4824,1
4825,0
4826,1
4827,1
4828,0
4829,0
4830,1
4831,1
4832,1
4833,1
4834,0
4835,0
4836,0
4837,1
4838,0
4839,1
4840,1
4841,1
4842,0
4843,0
4844,0
4845,0
4846,0
4847,1
4848,0
4849,1
4850,1
4851,1
4852,1
4853,1
4854,1
4855,0
4856,0
4857,1
4858,1
4859,0
4860,1
4861,1
4862,1
4863,0
4864,1
4865,1
4866,0
4867,1
4868,0
4869,0
4870,0
4871,1
4872,1
4873,1
4874,1
4875,1
4876,1
4877,0
4878,0
4879,1
4880,1
4881,0
4882,1
4883,1
4884,0
4885,0
4886,1
4887,1
4888,1
4889,0
4890,1
4891,1
4892,1
4893,0
4894,1
4895,0
4896,1
4897,0
4898,1
4899,1
4900,0
4901,1
4902,1
4903,0
4904,0
4905,1
4906,1
4907,1
4908,1
4909,0
4910,1
4911,1
4912,1
4913,1
4914,0
4915,1
4916,1
4917,0
4918,0
4919,1
4920,0
4921,1
4922,0
4923,1
4924,1
4925,1
4926,0
4927,1
4928,1
4929,1
4930,1
4931,1
4932,1
4933,0
4934,1
4935,1
4936,1
4937,1
4938,1
4939,1
4940,0
4941,1
4942,0
4943,0
4944,0
4945,1
4946,0
4947,1
4948,0
4949,1
4950,1
4951,1
4952,0
4953,0
4954,0
4955,0
4956,1
4957,0
4958,0
4959,1
4960,1
4961,0
4962,0
4963,0
4964,0
4965,1
4966,0
4967,0
4968,0
4969,1
4970,1
4971,1
4972,1
4973,1
4974,1
4975,1
4976,1
4977,1
4978,1
4979,1
4980,1
4981,0
4982,1
4983,0
4984,1
4985,0
4986,1
4987,0
4988,1
4989,1
4990,0
4991,0
4992,1
4993,1
4994,1
4995,1
4996,0
4997,0
4998,0
4999,1
5000,1
5001,0
5002,1
5003,1
5004,1
5005,0
5006,1
5007,1
5008,1
5009,0
5010,0
5011,0
5012,1
5013,0
5014,0
5015,1
5016,1
5017,0
5018,1
5019,0
5020,0
5021,1
5022,0
5023,1
5024,0
5025,0
5026,1
5027,1
5028,1
5029,1
5030,1
5031,1
5032,0
5033,0
5034,1
5035,1
5036,1
5037,0
5038,1
5039,1
5040,0
5041,1
5042,1
5043,0
5044,0
5045,1
5046,0
5047,0
5048,0
5049,1
5050,1
5051,1
5052,0
5053,1
5054,1
5055,1
5056,0
5057,1
5058,0
5059,1
5060,1
5061,1
5062,1
5063,1
5064,0
5065,1
5066,1
5067,1
5068,1
5069,1
5070,1
5071,0
5072,0
5073,1
5074,1
5075,1
5076,1
5077,1
5078,0
5079,0
5080,1
5081,0
5082,1
5083,0
5084,1
5085,1
5086,1
5087,0
5088,1
5089,1
5090,0
5091,0
5092,0
5093,1
5094,0
5095,1
5096,1
5097,0
5098,1
5099,0
5100,1
5101,0
5102,0
5103,1
5104,0
5105,0
5106,1
5107,0
5108,0
5109,1
5110,1
5111,0
5112,0
5113,1
5114,1
5115,1
5116,1
5117,1
5118,1
5119,1
5120,1
5121,1
5122,0
5123,1
5124,0
5125,1
5126,1
5127,0
5128,1
5129,1
5130,1
5131,1
5132,0
5133,1
5134,1
5135,0
5136,1
5137,0
5138,1
5139,0
5140,0
5141,1
5142,0
5143,0
5144,1
5145,1
5146,1
5147,0
5148,1
5149,1
5150,1
5151,1
5152,0
5153,1
5154,1
5155,1
5156,0
5157,1
5158,1
5159,1
5160,1
5161,1
5162,1
5163,0
5164,0
5165,1
5166,1
5167,0
5168,0
5169,1
5170,1
5171,1
5172,1
5173,1
5174,1
5175,1
5176,0
5177,0
5178,1
5179,1
5180,1
5181,1
5182,0
5183,0
5184,1
5185,1
5186,0
5187,1
5188,1
5189,1
5190,1
5191,0
5192,1
5193,1
5194,0
5195,1
5196,1
5197,0
5198,0
5199,1
5200,1
5201,0
5202,0
5203,1
5204,1
5205,1
5206,1
5207,0
5208,1
5209,0
5210,0
5211,1
5212,1
5213,1
5214,0
5215,1
5216,1
5217,1
5218,0
5219,0
5220,1
5221,1
5222,1
5223,1
5224,1
5225,1
5226,1
5227,0
5228,1
5229,0
5230,1
5231,0
5232,1
5233,0
5234,1
5235,0
5236,0
5237,0
5238,1
5239,1
5240,1
5241,1
5242,1
5243,1
5244,1
5245,1
5246,0
5247,1
5248,0
5249,1
5250,1
5251,1
5252,1
5253,0
5254,0
5255,1
5256,0
5257,1
5258,1
5259,1
5260,0
5261,0
5262,1
5263,0
5264,0
5265,0
5266,1
5267,1
5268,0
5269,0
5270,1
5271,1
5272,1
5273,1
5274,1
5275,0
5276,0
5277,1
5278,0
5279,0
5280,1
5281,1
5282,1
5283,1
5284,0
5285,1
5286,1
5287,1
5288,1
5289,0
5290,0
5291,1
5292,1
5293,0
5294,1
5295,1
5296,0
5297,0
5298,1
5299,0
5300,0
5301,1
5302,1
5303,1
5304,0
5305,1
5306,1
5307,0
5308,1
5309,0
5310,0
5311,0
5312,1
5313,1
5314,1
5315,1
5316,0
5317,1
5318,1
5319,1
5320,0
5321,0
5322,0
5323,1
5324,1
5325,1
5326,1
5327,1
5328,1
5329,1
5330,1
5331,0
5332,0
5333,1
5334,1
5335,0
5336,1
5337,1
5338,1
5339,1
5340,1
5341,1
5342,1
5343,1
5344,0
5345,1
5346,0
5347,0
5348,0
5349,0
5350,0
5351,1
5352,1
5353,1
5354,0
5355,0
5356,0
5357,0
5358,1
5359,1
5360,0
5361,1
5362,1
5363,0
5364,1
5365,1
5366,1
5367,1
5368,1
5369,1
5370,1
5371,0
5372,1
5373,0
5374,1
5375,1
5376,0
5377,0
5378,1
5379,1
5380,1
5381,1
5382,1
5383,0
5384,1
5385,0
5386,1
5387,1
5388,1
5389,0
5390,1
5391,1
5392,1
5393,0
5394,0
5395,1
5396,1
5397,1
5398,0
5399,0
5400,1
5401,0
5402,1
5403,0
5404,1
5405,0
5406,0
5407,1
5408,0
5409,1
5410,1
5411,1
5412,0
5413,1
5414,1
5415,0
5416,0
5417,1
5418,1
5419,0
5420,0
5421,1
5422,1
5423,0
5424,0
5425,1
5426,1
5427,1
5428,1
5429,1
5430,1
5431,0
5432,1
5433,0
5434,1
5435,1
5436,1
5437,1
5438,1
5439,1
5440,0
5441,0
5442,1
5443,0
5444,0
5445,0
5446,1
5447,1
5448,1
5449,0
5450,1
5451,1
5452,1
5453,1
5454,0
5455,1
5456,0
5457,0
5458,1
5459,0
5460,1
5461,1
5462,1
5463,1
5464,0
5465,1
5466,0
5467,1
5468,0
5469,0
5470,0
5471,0
5472,1
5473,0
5474,1
5475,1
5476,1
5477,0
5478,1
5479,0
5480,0
5481,1
5482,0
5483,1
5484,1
5485,0
5486,1
5487,1
5488,1
5489,1
5490,1
5491,0
5492,1
5493,0
5494,0
5495,1
5496,0
5497,1
5498,1
5499,1
5500,1
5501,1
5502,0
5503,1
5504,1
5505,1
5506,0
5507,1
5508,1
5509,1
5510,0
5511,0
5512,1
5513,1
5514,1
5515,1
5516,0
5517,1
5518,1
5519,0
5520,1
5521,1
5522,1
5523,1
5524,0
5525,0
5526,1
5527,0
5528,0
5529,0
5530,1
5531,0
5532,1
5533,1
5534,1
5535,1
5536,0
5537,1
5538,1
5539,1
5540,1
5541,1
5542,1
5543,0
5544,1
5545,0
5546,0
5547,0
5548,1
5549,1
5550,1
5551,1
5552,1
5553,1
5554,0
5555,1
5556,1
5557,1
5558,1
5559,1
5560,1
5561,1
5562,1
5563,1
5564,0
5565,1
5566,1
5567,1
5568,1
5569,0
5570,0
5571,0
5572,1
5573,0
5574,1
5575,1
5576,1
5577,1
5578,0
5579,1
5580,1
5581,1
5582,1
5583,1
5584,1
5585,0
5586,0
5587,1
5588,1
5589,1
5590,1
5591,0
5592,1
5593,0
5594,1
5595,1
5596,0
5597,0
5598,1
5599,1
5600,1
5601,1
5602,0
5603,0
5604,0
5605,1
5606,0
5607,1
5608,1
5609,1
5610,0
5611,0
5612,0
5613,0
5614,1
5615,1
5616,1
5617,1
5618,1
5619,1
5620,1
5621,0
5622,1
5623,1
5624,0
5625,1
5626,1
5627,1
5628,0
5629,1
5630,0
5631,1
5632,0
5633,1
5634,1
5635,1
5636,1
5637,0
5638,1
5639,0
5640,1
5641,1
5642,1
5643,1
5644,0
5645,1
5646,0
5647,1
5648,0
5649,1
5650,1
5651,0
5652,1
5653,1
5654,1
5655,1
5656,1
5657,0
5658,1
5659,1
5660,1
5661,0
5662,0
5663,1
5664,1
5665,1
5666,1
5667,1
5668,0
5669,1
5670,0
5671,1
5672,1
5673,1
5674,1
5675,0
5676,1
5677,0
5678,1
5679,1
5680,0
5681,0
5682,1
5683,1
5684,0
5685,0
5686,1
5687,0
5688,0
5689,0
5690,0
5691,1
5692,0
5693,1
5694,0
5695,1
5696,1
5697,0
5698,1
5699,0
5700,1
5701,1
5702,1
5703,1
5704,0
5705,1
5706,0
5707,1
5708,0
5709,0
5710,0
5711,0
5712,1
5713,0
5714,0
5715,1
5716,1
5717,0
5718,1
5719,0
5720,1
5721,0
5722,0
5723,1
5724,1
5725,1
5726,0
5727,0
5728,1
5729,1
5730,1
5731,0
5732,1
5733,1
5734,1
5735,1
5736,1
5737,1
5738,0
5739,1
5740,1
5741,0
5742,1
5743,1
5744,1
5745,1
5746,1
5747,0
5748,1
5749,1
5750,0
5751,0
5752,0
5753,0
5754,1
5755,1
5756,0
5757,1
5758,1
5759,0
5760,1
5761,1
5762,1
5763,1
5764,0
5765,1
5766,1
5767,1
5768,0
5769,0
5770,1
5771,1
5772,1
5773,0
5774,1
5775,0
5776,1
5777,1
5778,1
5779,0
5780,0
5781,1
5782,1
5783,0
5784,0
5785,1
5786,0
5787,0
5788,1
5789,1
5790,1
5791,1
5792,0
5793,0
5794,0
5795,1
5796,1
5797,1
5798,0
5799,1
5800,0
5801,0
5802,1
5803,1
5804,0
5805,1
5806,1
5807,1
5808,0
5809,0
5810,1
5811,1
5812,1
5813,0
5814,1
5815,1
5816,1
5817,0
5818,0
5819,1
5820,0
5821,1
5822,1
5823,0
5824,0
5825,0
5826,1
5827,0
5828,0
5829,1
5830,1
5831,1
5832,0
5833,0
5834,1
5835,1
5836,1
5837,1
5838,1
5839,1
5840,1
5841,0
5842,0
5843,1
5844,1
5845,0
5846,1
5847,1
5848,0
5849,1
5850,0
5851,0
5852,1
5853,1
5854,1
5855,1
5856,1
5857,0
5858,1
5859,1
5860,1
5861,1
5862,0
5863,0
5864,1
5865,0
5866,1
5867,1
5868,1
5869,0
5870,1
5871,0
5872,1
5873,0
5874,0
5875,0
5876,1
5877,1
5878,1
5879,0
5880,1
5881,1
5882,1
5883,0
5884,1
5885,1
5886,1
5887,0
5888,1
5889,1
5890,1
5891,0
5892,1
5893,1
5894,0
5895,1
5896,0
5897,0
5898,0
5899,0
5900,0
5901,1
5902,0
5903,0
5904,0
5905,1
5906,1
5907,1
5908,0
5909,0
5910,1
5911,1
5912,1
5913,1
5914,1
5915,0
5916,1
5917,1
5918,1
5919,0
5920,0
5921,1
5922,1
5923,1
5924,1
5925,1
5926,1
5927,1
5928,0
5929,1
5930,1
5931,1
5932,1
5933,1
5934,1
5935,0
5936,1
5937,1
5938,0
5939,1
5940,0
5941,1
5942,0
5943,1
5944,0
5945,1
5946,1
5947,0
5948,0
5949,1
5950,0
5951,1
5952,0
5953,1
5954,1
5955,1
5956,1
5957,1
5958,0
5959,0
5960,0
5961,0
5962,0
5963,1
5964,0
5965,1
5966,0
5967,0
5968,1
5969,1
5970,0
5971,1
5972,0
5973,0
5974,0
5975,1
5976,0
5977,0
5978,1
5979,1
5980,1
5981,1
5982,0
5983,1
5984,1
5985,1
5986,1
5987,1
5988,1
5989,1
5990,1
5991,0
5992,0
5993,1
5994,1
5995,1
5996,1
5997,0
5998,0
5999,0
6000,1
6001,1
6002,1
6003,0
6004,0
6005,0
6006,0
6007,1
6008,1
6009,1
6010,1
6011,1
6012,1
6013,1
6014,1
6015,1
6016,1
6017,0
6018,0
6019,1
6020,1
6021,1
6022,0
6023,1
6024,1
6025,1
6026,0
6027,1
6028,1
6029,0
6030,1
6031,1
6032,0
6033,1
6034,1
6035,1
6036,1
6037,1
6038,1
6039,1
6040,0
6041,1
6042,0
6043,1
6044,1
6045,0
6046,0
6047,1
6048,1
6049,0
6050,1
6051,1
6052,0
6053,1
6054,0
6055,1
6056,1
6057,1
6058,0
6059,1
6060,1
6061,0
6062,0
6063,1
6064,1
6065,1
6066,1
6067,1
6068,1
6069,0
6070,1
6071,1
6072,1
6073,1
6074,0
6075,0
6076,1
6077,0
6078,1
6079,1
6080,1
6081,0
6082,0
6083,0
6084,1
6085,1
6086,1
6087,1
6088,1
6089,1
6090,0
6091,1
6092,1
6093,0
6094,1
6095,1
6096,1
6097,1
6098,0
6099,1
6100,1
6101,0
6102,0
6103,1
6104,1
6105,0
6106,1
6107,1
6108,1
6109,0
6110,0
6111,1
6112,1
6113,1
6114,0
6115,1
6116,1
6117,1
6118,0
6119,1
6120,0
6121,0
6122,1
6123,0
6124,1
6125,1
6126,1
6127,0
6128,1
6129,1
6130,0
6131,1
6132,1
6133,0
6134,1
6135,1
6136,1
6137,1
6138,1
6139,0
6140,0
6141,0
6142,1
6143,0
6144,1
6145,0
6146,0
6147,1
6148,0
6149,1
6150,1
6151,1
6152,1
6153,0
6154,1
6155,1
6156,1
6157,0
6158,1
6159,1
6160,0
6161,0
6162,1
6163,1
6164,0
6165,1
6166,1
6167,1
6168,0
6169,1
6170,1
6171,1
6172,0
6173,1
6174,1
6175,1
6176,1
6177,1
6178,1
6179,0
6180,1
6181,1
6182,1
6183,0
6184,1
6185,0
6186,1
6187,0
6188,1
6189,0
6190,0
6191,1
6192,1
6193,1
6194,1
6195,1
6196,1
6197,1
6198,1
6199,0
6200,1
6201,1
6202,1
6203,0
6204,0
6205,0
6206,1
6207,0
6208,1
6209,1
6210,1
6211,1
6212,1
6213,1
6214,0
6215,0
6216,0
6217,1
6218,1
6219,0
6220,0
6221,1
6222,1
6223,0
6224,1
6225,1
6226,1
6227,1
6228,0
6229,1
6230,1
6231,0
6232,0
6233,0
6234,1
6235,1
6236,1
6237,1
6238,1
6239,1
6240,1
6241,1
6242,1
6243,1
6244,0
6245,1
6246,0
6247,1
6248,1
6249,0
6250,1
6251,1
6252,1
6253,1
6254,0
6255,1
6256,1
6257,1
6258,0
6259,1
6260,1
6261,1
6262,1
6263,1
6264,1
6265,1
6266,0
6267,1
6268,1
6269,0
6270,1
6271,1
6272,0
6273,0
6274,1
6275,1
6276,0
6277,1
6278,0
6279,0
6280,1
6281,1
6282,0
6283,0
6284,1
6285,1
6286,0
6287,0
6288,1
6289,0
6290,1
6291,1
6292,0
6293,1
6294,1
6295,1
6296,0
6297,0
6298,1
6299,1
6300,1
6301,0
6302,0
6303,1
6304,0
6305,0
6306,1
6307,1
6308,1
6309,1
6310,0
6311,0
6312,1
6313,0
6314,0
6315,1
6316,1
6317,0
6318,0
6319,1
6320,1
6321,0
6322,1
6323,0
6324,1
6325,0
6326,1
6327,0
6328,0
6329,1
6330,0
6331,1
6332,1
6333,1
6334,1
6335,0
6336,0
6337,1
6338,0
6339,1
6340,0
6341,1
6342,1
6343,1
6344,1
6345,1
6346,0
6347,1
6348,1
6349,0
6350,0
6351,0
6352,1
6353,0
6354,1
6355,1
6356,1
6357,0
6358,1
6359,0
6360,1
6361,1
6362,1
6363,1
6364,0
6365,0
6366,0
6367,1
6368,1
6369,0
6370,1
6371,0
6372,1
6373,1
6374,1
6375,1
6376,0
6377,0
6378,0
6379,1
6380,1
6381,1
6382,1
6383,1
6384,0
6385,0
6386,1
6387,0
6388,0
6389,0
6390,1
6391,0
6392,1
6393,0
6394,1
6395,0
6396,0
6397,1
6398,1
6399,1
6400,1
6401,1
6402,1
6403,0
6404,0
6405,1
6406,1
6407,1
6408,1
6409,1
6410,0
6411,1
6412,1
6413,1
6414,1
6415,0
6416,1
6417,0
6418,1
6419,1
6420,1
6421,1
6422,1
6423,1
6424,0
6425,1
6426,1
6427,0
6428,1
6429,1
6430,0
6431,1
6432,0
6433,0
6434,1
6435,0
6436,0
6437,0
6438,1
6439,0
6440,1
6441,1
6442,1
6443,1
6444,1
6445,1
6446,1
6447,0
6448,0
6449,1
6450,0
6451,1
6452,0
6453,1
6454,1
6455,1
6456,0
6457,1
6458,0
6459,1
6460,0
6461,1
6462,1
6463,1
6464,0
6465,0
6466,1
6467,0
6468,0
6469,0
6470,0
6471,1
6472,1
6473,1
6474,0
6475,1
6476,0
6477,0
6478,1
6479,1
6480,1
6481,1
6482,0
6483,1
6484,0
6485,1
6486,1
6487,1
6488,0
6489,0
6490,0
6491,1
6492,1
6493,1
6494,0
6495,1
6496,1
6497,1
6498,1
6499,0
6500,1
6501,1
6502,0
6503,0
6504,0
6505,0
6506,1
6507,1
6508,0
6509,1
6510,1
6511,0
6512,1
6513,1
6514,1
6515,1
6516,1
6517,1
6518,1
6519,0
6520,0
6521,0
6522,1
6523,0
6524,1
6525,1
6526,0
6527,1
6528,1
6529,1
6530,0
6531,1
6532,0
6533,0
6534,1
6535,0
6536,1
6537,1
6538,1
6539,1
6540,0
6541,0
6542,1
6543,1
6544,1
6545,0
6546,0
6547,1
6548,0
6549,1
6550,0
6551,0
6552,1
6553,0
6554,1
6555,0
6556,1
6557,0
6558,0
6559,0
6560,1
6561,1
6562,0
6563,1
6564,1
6565,0
6566,1
6567,0
6568,1
6569,0
6570,1
6571,1
6572,0
6573,1
6574,1
6575,1
6576,0
6577,1
6578,1
6579,1
6580,0
6581,1
6582,1
6583,1
6584,1
6585,1
6586,1
6587,1
6588,0
6589,1
6590,0
6591,1
6592,0
6593,1
6594,0
6595,1
6596,1
6597,0
6598,1
6599,0
6600,1
6601,0
6602,1
6603,1
6604,1
6605,0
6606,0
6607,1
6608,1
6609,0
6610,0
6611,1
6612,1
6613,0
6614,1
6615,1
6616,1
6617,1
6618,1
6619,1
6620,0
6621,1
6622,1
6623,1
6624,1
6625,1
6626,0
6627,1
6628,1
6629,1
6630,0
6631,0
6632,1
6633,1
6634,1
6635,1
6636,1
6637,1
6638,1
6639,1
6640,1
6641,0
6642,0
6643,0
6644,0
6645,1
6646,0
6647,0
6648,1
6649,1
6650,1
6651,0
6652,1
6653,1
6654,0
6655,1
6656,1
6657,1
6658,1
6659,0
6660,0
6661,1
6662,1
6663,0
6664,0
6665,1
6666,0
6667,1
6668,0
6669,1
6670,0
6671,0
6672,1
6673,1
6674,1
6675,0
6676,1
6677,0
6678,1
6679,0
6680,1
6681,1
6682,1
6683,1
6684,0
6685,1
6686,1
6687,1
6688,1
6689,0
6690,1
6691,1
6692,1
6693,1
6694,0
6695,0
6696,1
6697,1
6698,0
6699,1
6700,1
6701,1
6702,1
6703,0
6704,0
6705,1
6706,0
6707,1
6708,0
6709,0
6710,1
6711,1
6712,1
6713,1
6714,0
6715,1
6716,1
6717,1
6718,1
6719,0
6720,0
6721,1
6722,1
6723,1
6724,0
6725,1
6726,1
6727,0
6728,0
6729,1
6730,0
6731,0
6732,1
6733,0
6734,0
6735,0
6736,1
6737,1
6738,1
6739,0
6740,1
6741,0
6742,0
6743,1
6744,0
6745,1
6746,1
6747,1
6748,0
6749,1
6750,1
6751,0
6752,0
6753,0
6754,1
6755,1
6756,1
6757,1
6758,0
6759,0
6760,0
6761,1
6762,0
6763,1
6764,1
6765,1
6766,0
6767,1
6768,1
6769,1
6770,0
6771,1
6772,1
6773,1
6774,0
6775,0
6776,0
6777,1
6778,0
6779,0
6780,1
6781,1
6782,0
6783,0
6784,1
6785,0
6786,1
6787,1
6788,1
6789,1
6790,0
6791,1
6792,1
6793,1
6794,1
6795,0
6796,0
6797,0
6798,1
6799,0
6800,0
6801,1
6802,1
6803,1
6804,0
6805,1
6806,0
6807,0
6808,0
6809,0
6810,1
6811,1
6812,1
6813,1
6814,0
6815,1
6816,1
6817,1
6818,0
6819,1
6820,0
6821,1
6822,1
6823,1
6824,1
6825,0
6826,0
6827,1
6828,0
6829,0
6830,0
6831,0
6832,0
6833,0
6834,0
6835,0
6836,1
6837,1
6838,0
6839,0
6840,1
6841,1
6842,1
6843,1
6844,1
6845,1
6846,0
6847,0
6848,0
6849,1
6850,0
6851,1
6852,1
6853,1
6854,1
6855,1
6856,0
6857,1
6858,0
6859,0
6860,0
6861,0
6862,1
6863,0
6864,1
6865,1
6866,0
6867,0
6868,1
6869,0
6870,1
6871,1
6872,1
6873,0
6874,1
6875,0
6876,1
6877,1
6878,0
6879,1
6880,1
6881,0
6882,0
6883,0
6884,1
6885,0
6886,0
6887,1
6888,1
6889,0
6890,1
6891,0
6892,0
6893,1
6894,0
6895,0
6896,0
6897,1
6898,1
6899,1
6900,0
6901,0
6902,1
6903,0
6904,0
6905,1
6906,0
6907,1
6908,1
6909,1
6910,1
6911,1
6912,1
6913,1
6914,1
6915,1
6916,0
6917,0
6918,1
6919,1
6920,1
6921,0
6922,1
6923,0
6924,1
6925,1
6926,1
6927,1
6928,1
6929,0
6930,1
6931,1
6932,1
6933,1
6934,1
6935,0
6936,1
6937,1
6938,1
6939,1
6940,0
6941,1
6942,1
6943,1
6944,0
6945,1
6946,0
6947,1
6948,0
6949,0
6950,0
6951,1
6952,1
6953,1
6954,0
6955,1
6956,1
6957,0
6958,0
6959,1
6960,0
6961,1
6962,1
6963,1
6964,1
6965,0
6966,1
6967,0
6968,0
6969,1
6970,1
6971,0
6972,0
6973,1
6974,1
6975,1
6976,0
6977,1
6978,1
6979,1
6980,1
6981,1
6982,1
6983,1
6984,1
6985,1
6986,1
6987,0
6988,1
6989,1
6990,1
6991,1
6992,0
6993,0
6994,1
6995,0
6996,1
6997,1
6998,1
6999,1
7000,1
7001,1
7002,0
7003,0
7004,1
7005,1
7006,1
7007,1
7008,1
7009,1
7010,1
7011,1
7012,1
7013,1
7014,0
7015,1
7016,1
7017,1
7018,1
7019,1
7020,1
7021,1
7022,1
7023,1
7024,0
7025,0
7026,1
7027,1
7028,0
7029,1
7030,1
7031,0
7032,1
7033,1
7034,1
7035,1
7036,0
7037,0
7038,0
7039,0
7040,0
7041,0
7042,1
7043,1
7044,1
7045,1
7046,1
7047,0
7048,0
7049,0
7050,1
7051,0
7052,1
7053,1
7054,1
7055,0
7056,1
7057,0
7058,0
7059,1
7060,1
7061,1
7062,1
7063,1
7064,1
7065,0
7066,1
7067,1
7068,1
7069,1
7070,1
7071,1
7072,0
7073,1
7074,1
7075,0
7076,1
7077,1
7078,1
7079,1
7080,1
7081,1
7082,1
7083,1
7084,0
7085,1
7086,0
7087,1
7088,1
7089,0
7090,0
7091,1
7092,0
7093,1
7094,0
7095,1
7096,0
7097,0
7098,0
7099,1
7100,1
7101,1
7102,1
7103,0
7104,1
7105,0
7106,1
7107,1
7108,0
7109,0
7110,1
7111,1
7112,0
7113,0
7114,1
7115,1
7116,0
7117,1
7118,1
7119,0
7120,1
7121,1
7122,0
7123,0
7124,1
7125,0
7126,1
7127,1
7128,1
7129,1
7130,0
7131,1
7132,1
7133,1
7134,1
7135,1
7136,1
7137,0
7138,0
7139,0
7140,1
7141,1
7142,1
7143,1
7144,1
7145,0
7146,1
7147,1
7148,0
7149,1
7150,1
7151,1
7152,0
7153,1
7154,1
7155,0
7156,1
7157,0
7158,0
7159,1
7160,1
7161,1
7162,0
7163,1
7164,1
7165,1
7166,0
7167,0
7168,0
7169,1
7170,1
7171,1
7172,1
7173,1
7174,1
7175,0
7176,1
7177,1
7178,1
7179,1
7180,1
7181,1
7182,1
7183,0
7184,1
7185,1
7186,0
7187,1
7188,1
7189,0
7190,0
7191,0
7192,1
7193,0
7194,1
7195,1
7196,1
7197,1
7198,1
7199,0
7200,1
7201,0
7202,1
7203,0
7204,1
7205,1
7206,1
7207,0
7208,1
7209,1
7210,0
7211,1
7212,1
7213,1
7214,1
7215,1
7216,1
7217,0
7218,1
7219,0
7220,1
7221,1
7222,0
7223,1
7224,0
7225,0
7226,1
7227,0
7228,1
7229,1
7230,0
7231,1
7232,1
7233,1
7234,1
7235,1
7236,1
7237,0
7238,1
7239,1
7240,1
7241,0
7242,1
7243,1
7244,0
7245,1
7246,1
7247,0
7248,0
7249,1
7250,1
7251,0
7252,1
7253,1
7254,1
7255,0
7256,0
7257,0
7258,0
7259,1
7260,1
7261,1
7262,1
7263,0
7264,1
7265,1
7266,0
7267,0
7268,1
7269,0
7270,0
7271,1
7272,1
7273,1
7274,1
7275,1
7276,1
7277,1
7278,1
7279,0
7280,1
7281,1
7282,1
7283,1
7284,0
7285,1
7286,1
7287,1
7288,0
7289,1
7290,1
7291,0
7292,1
7293,1
7294,1
7295,1
7296,1
7297,1
7298,1
7299,1
7300,0
7301,1
7302,1
7303,1
7304,1
7305,0
7306,1
7307,1
7308,0
7309,1
7310,1
7311,1
7312,1
7313,0
7314,1
7315,1
7316,0
7317,0
7318,0
7319,1
7320,1
7321,0
7322,0
7323,1
7324,1
7325,1
7326,1
7327,1
7328,0
7329,1
7330,1
7331,1
7332,1
7333,1
7334,1
7335,1
7336,1
7337,1
7338,1
7339,1
7340,1
7341,1
7342,1
7343,0
7344,0
7345,1
7346,1
7347,1
7348,1
7349,0
7350,1
7351,0
7352,0
7353,0
7354,0
7355,1
7356,1
7357,1
7358,1
7359,1
7360,1
7361,1
7362,0
7363,0
7364,0
7365,0
7366,0
7367,1
7368,1
7369,1
7370,1
7371,1
7372,1
7373,1
7374,0
7375,1
7376,1
7377,0
7378,1
7379,1
7380,0
7381,0
7382,1
7383,1
7384,0
7385,0
7386,0
7387,1
7388,0
7389,1
7390,0
7391,1
7392,1
7393,1
7394,0
7395,1
7396,1
7397,1
7398,1
7399,1
7400,0
7401,0
7402,1
7403,1
7404,1
7405,0
7406,0
7407,0
7408,1
7409,0
7410,0
7411,1
7412,0
7413,1
7414,0
7415,0
7416,1
7417,1
7418,1
7419,0
7420,1
7421,1
7422,1
7423,0
7424,1
7425,0
7426,0
7427,1
7428,1
7429,1
7430,1
7431,1
7432,1
7433,0
7434,0
7435,1
7436,0
7437,1
7438,1
7439,1
7440,0
7441,1
7442,0
7443,1
7444,1
7445,1
7446,1
7447,1
7448,0
7449,0
7450,1
7451,0
7452,0
7453,0
7454,1
7455,0
7456,1
7457,0
7458,1
7459,1
7460,1
7461,1
7462,1
7463,1
7464,0
7465,0
7466,1
7467,1
7468,1
7469,0
7470,1
7471,1
7472,1
7473,1
7474,1
7475,0
7476,1
7477,0
7478,1
7479,1
7480,0
7481,1
7482,1
7483,1
7484,1
7485,1
7486,1
7487,0
7488,0
7489,1
7490,1
7491,0
7492,1
7493,0
7494,0
7495,1
7496,0
7497,1
7498,0
7499,0
7500,0
7501,1
7502,1
7503,0
7504,0
7505,0
7506,0
7507,0
7508,1
7509,1
7510,1
7511,1
7512,1
7513,1
7514,1
7515,1
7516,0
7517,0
7518,0
7519,0
7520,1
7521,1
7522,1
7523,1
7524,0
7525,1
7526,1
7527,0
7528,1
7529,1
7530,0
7531,1
7532,0
7533,0
7534,1
7535,1
7536,1
7537,1
7538,0
7539,0
7540,1
7541,1
7542,0
7543,1
7544,1
7545,0
7546,0
7547,1
7548,1
7549,1
7550,1
7551,0
7552,1
7553,1
7554,0
7555,1
7556,1
7557,1
7558,0
7559,0
7560,1
7561,1
7562,1
7563,0
7564,1
7565,0
7566,0
7567,0
7568,0
7569,1
7570,0
7571,1
7572,0
7573,1
7574,1
7575,0
7576,1
7577,1
7578,0
7579,1
7580,1
7581,1
7582,0
7583,1
7584,1
7585,0
7586,1
7587,1
7588,0
7589,1
7590,0
7591,0
7592,0
7593,1
7594,0
7595,1
7596,0
7597,0
7598,1
7599,0
7600,0
7601,1
7602,1
7603,0
7604,1
7605,1
7606,1
7607,0
7608,0
7609,0
7610,1
7611,1
7612,0
7613,1
7614,1
7615,1
7616,1
7617,0
7618,1
7619,1
7620,1
7621,1
7622,0
7623,0
7624,1
7625,1
7626,1
7627,0
7628,1
7629,1
7630,1
7631,1
7632,0
7633,0
7634,0
7635,1
7636,1
7637,1
7638,1
7639,1
7640,1
7641,1
7642,1
7643,1
7644,1
7645,1
7646,1
7647,0
7648,1
7649,0
7650,1
7651,0
7652,0
7653,0
7654,1
7655,1
7656,1
7657,1
7658,0
7659,1
7660,0
7661,1
7662,0
7663,1
7664,1
7665,1
7666,0
7667,1
7668,0
7669,0
7670,1
7671,0
7672,0
7673,1
7674,1
7675,0
7676,1
7677,1
7678,1
7679,1
7680,1
7681,1
7682,0
7683,1
7684,1
7685,1
7686,0
7687,0
7688,1
7689,1
7690,1
7691,0
7692,0
7693,1
7694,1
7695,1
7696,1
7697,0
7698,1
7699,1
7700,0
7701,0
7702,1
7703,0
7704,1
7705,0
7706,1
7707,1
7708,0
7709,0
7710,1
7711,1
7712,1
7713,1
7714,0
7715,1
7716,0
7717,1
7718,1
7719,0
7720,1
7721,0
7722,1
7723,1
7724,0
7725,1
7726,0
7727,1
7728,1
7729,1
7730,0
7731,0
7732,0
7733,0
7734,1
7735,0
7736,1
7737,1
7738,0
7739,0
7740,0
7741,1
7742,1
7743,1
7744,1
7745,0
7746,1
7747,0
7748,1
7749,1
7750,1
7751,1
7752,0
7753,0
7754,0
7755,1
7756,1
7757,1
7758,1
7759,1
7760,1
7761,0
7762,0
7763,0
7764,0
7765,1
7766,1
7767,1
7768,0
7769,0
7770,1
7771,1
7772,1
7773,0
7774,0
7775,1
7776,1
7777,0
7778,1
7779,1
7780,1
7781,1
7782,0
7783,1
7784,0
7785,0
7786,1
7787,1
7788,1
7789,0
7790,0
7791,1
7792,1
7793,1
7794,0
7795,1
7796,1
7797,0
7798,1
7799,1
7800,0
7801,0
7802,1
7803,0
7804,1
7805,0
7806,0
7807,1
7808,0
7809,0
7810,1
7811,1
7812,1
7813,0
7814,0
7815,1
7816,1
7817,0
7818,1
7819,1
7820,1
7821,0
7822,1
7823,1
7824,1
7825,1
7826,1
7827,1
7828,0
7829,0
7830,0
7831,0
7832,0
7833,1
7834,1
7835,1
7836,1
7837,0
7838,1
7839,0
7840,0
7841,1
7842,0
7843,0
7844,1
7845,1
7846,1
7847,1
7848,1
7849,1
7850,1
7851,1
7852,0
7853,1
7854,1
7855,1
7856,0
7857,1
7858,1
7859,1
7860,0
7861,1
7862,0
7863,1
7864,0
7865,1
7866,1
7867,0
7868,1
7869,0
7870,0
7871,0
7872,0
7873,1
7874,1
7875,1
7876,0
7877,1
7878,1
7879,1
7880,1
7881,0
7882,0
7883,1
7884,1
7885,0
7886,1
7887,0
7888,1
7889,0
7890,0
7891,0
7892,0
7893,0
7894,1
7895,0
7896,1
7897,1
7898,1
7899,0
7900,0
7901,1
7902,1
7903,1
7904,1
7905,0
7906,1
7907,0
7908,1
7909,0
7910,0
7911,1
7912,0
7913,0
7914,1
7915,1
7916,0
7917,1
7918,0
7919,1
7920,1
7921,0
7922,0
7923,1
7924,0
7925,1
7926,0
7927,0
7928,1
7929,1
7930,1
7931,1
7932,0
7933,0
7934,1
7935,0
7936,1
7937,1
7938,0
7939,0
7940,0
7941,1
7942,1
7943,1
7944,1
7945,1
7946,0
7947,1
7948,1
7949,1
7950,0
7951,1
7952,0
7953,1
7954,0
7955,1
7956,1
7957,1
7958,1
7959,1
7960,0
7961,1
7962,1
7963,0
7964,1
7965,1
7966,0
7967,0
7968,1
7969,1
7970,1
7971,1
7972,1
7973,1
7974,1
7975,1
7976,0
7977,1
7978,1
7979,0
7980,1
7981,1
7982,1
7983,0
7984,1
7985,0
7986,1
7987,1
7988,1
7989,1
7990,1
7991,1
7992,1
7993,1
7994,0
7995,1
7996,0
7997,1
7998,1
7999,1
8000,1
8001,1
8002,0
8003,0
8004,1
8005,1
8006,0
8007,1
8008,0
8009,1
8010,1
8011,0
8012,0
8013,1
8014,1
8015,1
8016,1
8017,0
8018,1
8019,0
8020,1
8021,0
8022,0
8023,1
8024,0
8025,1
8026,1
8027,1
8028,1
8029,1
8030,0
8031,1
8032,1
8033,1
8034,1
8035,1
8036,1
8037,0
8038,1
8039,1
8040,0
8041,1
8042,1
8043,0
8044,1
8045,1
8046,1
8047,1
8048,1
8049,1
8050,0
8051,0
8052,1
8053,0
8054,0
8055,1
8056,0
8057,1
8058,1
8059,1
8060,0
8061,1
8062,1
8063,0
8064,1
8065,1
8066,0
8067,0
8068,0
8069,1
8070,0
8071,1
8072,0
8073,1
8074,0
8075,1
8076,1
8077,1
8078,0
8079,1
8080,0
8081,0
8082,0
8083,1
8084,0
8085,1
8086,1
8087,0
8088,0
8089,1
8090,1
8091,1
8092,0
8093,0
8094,1
8095,0
8096,0
8097,1
8098,1
8099,1
8100,1
8101,1
8102,0
8103,0
8104,1
8105,0
8106,1
8107,1
8108,0
8109,0
8110,1
8111,0
8112,1
8113,0
8114,0
8115,1
8116,1
8117,0
8118,1
8119,0
8120,0
8121,0
8122,1
8123,1
8124,1
8125,1
8126,1
8127,0
8128,1
8129,1
8130,1
8131,1
8132,0
8133,1
8134,0
8135,0
8136,1
8137,1
8138,1
8139,0
8140,1
8141,1
8142,1
8143,1
8144,1
8145,0
8146,1
8147,1
8148,0
8149,1
8150,0
8151,0
8152,1
8153,1
8154,1
8155,1
8156,0
8157,1
8158,0
8159,1
8160,1
8161,1
8162,0
8163,0
8164,1
8165,1
8166,1
8167,1
8168,1
8169,1
8170,1
8171,1
8172,1
8173,0
8174,0
8175,1
8176,0
8177,1
8178,0
8179,0
8180,1
8181,1
8182,0
8183,1
8184,0
8185,0
8186,1
8187,0
8188,0
8189,1
8190,1
8191,0
8192,0
8193,1
8194,1
8195,0
8196,0
8197,1
8198,1
8199,0
8200,1
8201,1
8202,1
8203,0
8204,0
8205,1
8206,0
8207,1
8208,0
8209,0
8210,1
8211,1
8212,1
8213,0
8214,1
8215,1
8216,0
8217,1
8218,1
8219,0
8220,1
8221,0
8222,0
8223,1
8224,1
8225,0
8226,1
8227,0
8228,1
8229,1
8230,1
8231,0
8232,1
8233,0
8234,0
8235,1
8236,1
8237,0
8238,1
8239,0
8240,1
8241,1
8242,1
8243,0
8244,0
8245,1
8246,0
8247,1
8248,0
8249,0
8250,0
8251,0
8252,1
8253,0
8254,1
8255,0
8256,1
8257,1
8258,0
8259,1
8260,0
8261,1
8262,0
8263,1
8264,1
8265,0
8266,0
8267,0
8268,1
8269,0
8270,1
8271,1
8272,1
8273,0
8274,1
8275,0
8276,1
8277,1
8278,0
8279,0
8280,1
8281,1
8282,1
8283,1
8284,0
8285,0
8286,1
8287,0
8288,1
8289,1
8290,1
8291,1
8292,1
8293,1
8294,1
8295,1
8296,0
8297,1
8298,0
8299,1
8300,1
8301,0
8302,1
8303,1
8304,0
8305,1
8306,1
8307,0
8308,1
8309,1
8310,1
8311,0
8312,1
8313,1
8314,1
8315,0
8316,1
8317,0
8318,0
8319,1
8320,1
8321,1
8322,1
8323,0
8324,0
8325,0
8326,1
8327,0
8328,1
8329,0
8330,1
8331,0
8332,1
8333,1
8334,1
8335,1
8336,0
8337,1
8338,1
8339,0
8340,0
8341,1
8342,1
8343,0
8344,1
8345,1
8346,1
8347,1
8348,0
8349,1
8350,1
8351,1
8352,0
8353,0
8354,0
8355,1
8356,1
8357,1
8358,1
8359,1
8360,0
8361,1
8362,1
8363,1
8364,0
8365,1
8366,0
8367,0
8368,1
8369,1
8370,1
8371,0
8372,1
8373,0
8374,1
8375,1
8376,0
8377,1
8378,1
8379,0
8380,1
8381,1
8382,1
8383,0
8384,1
8385,1
8386,0
8387,1
8388,1
8389,0
8390,1
8391,0
8392,1
8393,1
8394,0
8395,0
8396,1
8397,0
8398,0
8399,1
8400,1
8401,1
8402,1
8403,1
8404,0
8405,0
8406,1
8407,0
8408,1
8409,0
8410,0
8411,1
8412,0
8413,1
8414,1
8415,1
8416,1
8417,1
8418,1
8419,0
8420,0
8421,1
8422,1
8423,1
8424,1
8425,1
8426,0
8427,1
8428,0
8429,0
8430,0
8431,1
8432,1
8433,1
8434,1
8435,0
8436,0
8437,1
8438,0
8439,0
8440,1
8441,0
8442,1
8443,0
8444,1
8445,1
8446,1
8447,0
8448,0
8449,1
8450,1
8451,0
8452,1
8453,0
8454,0
8455,0
8456,0
8457,0
8458,1
8459,0
8460,0
8461,1
8462,0
8463,0
8464,1
8465,0
8466,1
8467,1
8468,1
8469,0
8470,0
8471,1
8472,1
8473,0
8474,1
8475,1
8476,0
8477,1
8478,1
8479,0
8480,0
8481,1
8482,1
8483,1
8484,0
8485,1
8486,0
8487,1
8488,1
8489,1
8490,1
8491,1
8492,0
8493,0
8494,1
8495,1
8496,0
8497,0
8498,1
8499,0
8500,1
8501,1
8502,1
8503,1
8504,0
8505,0
8506,1
8507,0
8508,1
8509,1
8510,1
8511,1
8512,1
8513,1
8514,0
8515,1
8516,1
8517,1
8518,1
8519,0
8520,1
8521,0
8522,0
8523,0
8524,0
8525,1
8526,0
8527,1
8528,1
8529,0
8530,0
8531,0
8532,1
8533,1
8534,0
8535,1
8536,1
8537,1
8538,1
8539,1
8540,1
8541,1
8542,1
8543,0
8544,0
8545,1
8546,0
8547,1
8548,0
8549,1
8550,1
8551,1
8552,1
8553,1
8554,1
8555,1
8556,1
8557,1
8558,1
8559,1
8560,1
8561,0
8562,1
8563,1
8564,1
8565,1
8566,0
8567,1
8568,1
8569,0
8570,1
8571,0
8572,0
8573,0
8574,1
8575,1
8576,0
8577,1
8578,0
8579,1
8580,0
8581,1
8582,1
8583,0
8584,1
8585,1
8586,0
8587,0
8588,1
8589,0
8590,1
8591,1
8592,0
8593,1
8594,1
8595,1
8596,1
8597,1
8598,0
8599,1
8600,1
8601,0
8602,0
8603,1
8604,1
8605,0
8606,1
8607,1
8608,0
8609,1
8610,1
8611,1
8612,1
8613,1
8614,1
8615,1
8616,1
8617,1
8618,1
8619,1
8620,0
8621,1
8622,0
8623,0
8624,0
8625,0
8626,1
8627,0
8628,0
8629,0
8630,1
8631,1
8632,0
8633,1
8634,1
8635,1
8636,1
8637,1
8638,1
8639,1
8640,1
8641,1
8642,1
8643,1
8644,0
8645,1
8646,0
8647,0
8648,1
8649,1
8650,1
8651,0
8652,1
8653,0
8654,0
8655,1
8656,1
8657,1
8658,1
8659,0
8660,1
8661,0
8662,1
8663,1
8664,1
8665,1
8666,1
8667,0
8668,1
8669,1
8670,1
8671,1
8672,1
8673,1
8674,0
8675,1
8676,0
8677,0
8678,0
8679,1
8680,1
8681,1
8682,1
8683,1
8684,1
8685,1
8686,0
8687,0
8688,1
8689,0
8690,1
8691,0
8692,1
8693,0
8694,1
8695,0
8696,1
8697,0
8698,1
8699,1
8700,1
8701,1
8702,0
8703,1
8704,1
8705,1
8706,0
8707,1
8708,1
8709,1
8710,0
8711,1
8712,0
8713,1
8714,0
8715,1
8716,0
8717,1
8718,0
8719,0
8720,0
8721,1
8722,1
8723,1
8724,1
8725,1
8726,1
8727,0
8728,1
8729,0
8730,1
8731,1
8732,1
8733,1
8734,1
8735,0
8736,1
8737,1
8738,0
8739,1
8740,1
8741,1
8742,0
8743,0
8744,1
8745,1
8746,1
8747,1
8748,0
8749,0
8750,1
8751,1
8752,0
8753,1
8754,1
8755,1
8756,0
8757,0
8758,0
8759,0
8760,0
8761,0
8762,0
8763,1
8764,1
8765,1
8766,1
8767,0
8768,0
8769,1
8770,0
8771,1
8772,0
8773,0
8774,0
8775,1
8776,0
8777,1
8778,0
8779,1
8780,1
8781,1
8782,1
8783,0
8784,0
8785,0
8786,1
8787,1
8788,0
8789,1
8790,1
8791,1
8792,0
8793,1
8794,0
8795,0
8796,0
8797,1
8798,1
8799,1
8800,1
8801,0
8802,0
8803,1
8804,1
8805,0
8806,1
8807,0
8808,1
8809,1
8810,0
8811,1
8812,1
8813,1
8814,0
8815,1
8816,0
8817,1
8818,1
8819,1
8820,1
8821,1
8822,1
8823,1
8824,0
8825,1
8826,1
8827,1
8828,1
8829,1
8830,1
8831,0
8832,1
8833,0
8834,1
8835,1
8836,0
8837,1
8838,0
8839,0
8840,0
8841,0
8842,0
8843,0
8844,1
8845,1
8846,1
8847,0
8848,0
8849,1
8850,0
8851,0
8852,1
8853,1
8854,1
8855,1
8856,0
8857,0
8858,1
8859,1
8860,0
8861,0
8862,0
8863,0
8864,0
8865,1
8866,1
8867,1
8868,1
8869,1
8870,1
8871,0
8872,1
8873,0
8874,0
8875,0
8876,1
8877,0
8878,0
8879,0
8880,0
8881,1
8882,1
8883,0
8884,0
8885,1
8886,0
8887,0
8888,1
8889,1
8890,1
8891,0
8892,0
8893,0
8894,1
8895,1
8896,0
8897,0
8898,1
8899,1
8900,1
8901,1
8902,1
8903,1
8904,1
8905,1
8906,1
8907,1
8908,0
8909,0
8910,1
8911,1
8912,1
8913,0
8914,1
8915,1
8916,0
8917,0
8918,1
8919,1
8920,1
8921,1
8922,1
8923,1
8924,0
8925,0
8926,0
8927,1
8928,1
8929,1
8930,1
8931,1
8932,1
8933,0
8934,1
8935,1
8936,1
8937,0
8938,1
8939,1
8940,0
8941,0
8942,1
8943,1
8944,1
8945,1
8946,0
8947,1
8948,0
8949,1
8950,1
8951,0
8952,1
8953,1
8954,1
8955,0
8956,1
8957,0
8958,1
8959,1
8960,0
8961,1
8962,1
8963,1
8964,1
8965,1
8966,0
8967,1
8968,0
8969,1
8970,1
8971,0
8972,1
8973,0
8974,0
8975,0
8976,1
8977,0
8978,1
8979,1
8980,0
8981,0
8982,1
8983,1
8984,0
8985,1
8986,1
8987,1
8988,0
8989,1
8990,1
8991,1
8992,0
8993,1
8994,0
8995,0
8996,1
8997,1
8998,0
8999,1
9000,0
9001,1
9002,1
9003,0
9004,1
9005,0
9006,1
9007,1
9008,0
9009,1
9010,0
9011,1
9012,1
9013,1
9014,1
9015,1
9016,1
9017,1
9018,1
9019,0
9020,1
9021,0
9022,1
9023,0
9024,0
9025,1
9026,1
9027,1
9028,1
9029,1
9030,0
9031,1
9032,1
9033,0
9034,1
9035,1
9036,1
9037,0
9038,0
9039,0
9040,1
9041,1
9042,0
9043,1
9044,1
9045,0
9046,1
9047,1
9048,1
9049,0
9050,1
9051,1
9052,0
9053,1
9054,0
9055,1
9056,1
9057,0
9058,1
9059,1
9060,1
9061,0
9062,0
9063,1
9064,1
9065,1
9066,0
9067,1
9068,0
9069,1
9070,0
9071,1
9072,0
9073,0
9074,1
9075,1
9076,1
9077,1
9078,0
9079,0
9080,0
9081,1
9082,1
9083,1
9084,1
9085,1
9086,1
9087,1
9088,1
9089,0
9090,1
9091,1
9092,0
9093,0
9094,0
9095,1
9096,0
9097,1
9098,0
9099,1
9100,1
9101,1
9102,1
9103,1
9104,1
9105,0
9106,0
9107,0
9108,1
9109,1
9110,0
9111,1
9112,1
9113,1
9114,1
9115,0
9116,1
9117,0
9118,0
9119,1
9120,1
9121,1
9122,0
9123,0
9124,1
9125,0
9126,0
9127,1
9128,0
9129,1
9130,1
9131,0
9132,1
9133,0
9134,1
9135,0
9136,1
9137,1
9138,1
9139,0
9140,0
9141,1
9142,1
9143,1
9144,1
9145,1
9146,0
9147,0
9148,0
9149,1
9150,1
9151,0
9152,1
9153,0
9154,0
9155,0
9156,1
9157,0
9158,0
9159,0
9160,1
9161,1
9162,0
9163,1
9164,1
9165,0
9166,0
9167,1
9168,1
9169,1
9170,1
9171,1
9172,1
9173,1
9174,1
9175,1
9176,1
9177,1
9178,1
9179,1
9180,0
9181,1
9182,0
9183,1
9184,1
9185,1
9186,0
9187,1
9188,1
9189,0
9190,1
9191,1
9192,1
9193,1
9194,0
9195,1
9196,1
9197,1
9198,0
9199,1
9200,1
9201,0
9202,1
9203,1
9204,0
9205,0
9206,1
9207,1
9208,1
9209,1
9210,0
9211,0
9212,1
9213,1
9214,0
9215,1
9216,1
9217,1
9218,1
9219,1
9220,1
9221,0
9222,0
9223,1
9224,0
9225,1
9226,1
9227,1
9228,0
9229,1
9230,0
9231,1
9232,1
9233,1
9234,1
9235,0
9236,1
9237,0
9238,1
9239,1
9240,0
9241,0
9242,0
9243,1
9244,1
9245,0
9246,1
9247,1
9248,1
9249,1
9250,1
9251,1
9252,0
9253,1
9254,1
9255,1
9256,1
9257,0
9258,0
9259,1
9260,1
9261,0
9262,1
9263,0
9264,0
9265,1
9266,1
9267,1
9268,0
9269,1
9270,1
9271,1
9272,1
9273,0
9274,1
9275,0
9276,1
9277,0
9278,0
9279,1
9280,0
9281,0
9282,1
9283,1
9284,1
9285,0
9286,1
9287,1
9288,0
9289,1
9290,1
9291,1
9292,1
9293,0
9294,1
9295,1
9296,1
9297,1
9298,1
9299,0
9300,0
9301,1
9302,1
9303,0
9304,1
9305,0
9306,1
9307,1
9308,1
9309,1
9310,1
9311,1
9312,1
9313,1
9314,1
9315,0
9316,1
9317,1
9318,1
9319,1
9320,0
9321,0
9322,0
9323,1
9324,0
9325,0
9326,0
9327,1
9328,1
9329,1
9330,0
9331,0
9332,1
9333,1
9334,1
9335,1
9336,1
9337,1
9338,1
9339,1
9340,0
9341,1
9342,0
9343,1
9344,1
9345,0
9346,1
9347,1
9348,1
9349,0
9350,1
9351,1
9352,1
9353,1
9354,1
9355,1
9356,0
9357,0
9358,1
9359,0
9360,1
9361,1
9362,1
9363,1
9364,0
9365,0
9366,0
9367,0
9368,1
9369,1
9370,1
9371,1
9372,0
9373,1
9374,1
9375,1
9376,1
9377,0
9378,0
9379,1
9380,0
9381,1
9382,0
9383,0
9384,1
9385,1
9386,1
9387,0
9388,1
9389,0
9390,1
9391,1
9392,0
9393,0
9394,0
9395,1
9396,1
9397,1
9398,1
9399,1
9400,1
9401,0
9402,1
9403,1
9404,1
9405,0
9406,1
9407,1
9408,0
9409,1
9410,0
9411,0
9412,1
9413,1
9414,1
9415,0
9416,1
9417,1
9418,0
9419,0
9420,0
9421,1
9422,0
9423,1
9424,1
9425,1
9426,0
9427,1
9428,0
9429,1
9430,1
9431,1
9432,0
9433,0
9434,1
9435,1
9436,0
9437,1
9438,0
9439,1
9440,1
9441,1
9442,1
9443,0
9444,1
9445,1
9446,1
9447,1
9448,1
9449,1
9450,1
9451,0
9452,1
9453,0
9454,0
9455,1
9456,0
9457,1
9458,1
9459,0
9460,1
9461,0
9462,1
9463,0
9464,1
9465,1
9466,0
9467,0
9468,1
9469,1
9470,1
9471,0
9472,0
9473,0
9474,0
9475,1
9476,0
9477,1
9478,1
9479,0
9480,0
9481,1
9482,1
9483,0
9484,1
9485,1
9486,0
9487,1
9488,1
9489,0
9490,1
9491,1
9492,1
9493,1
9494,0
9495,1
9496,1
9497,1
9498,1
9499,1
9500,1
9501,1
9502,1
9503,1
9504,0
9505,1
9506,1
9507,0
9508,1
9509,1
9510,0
9511,1
9512,1
9513,0
9514,0
9515,0
9516,1
9517,1
9518,1
9519,1
9520,1
9521,0
9522,1
9523,1
9524,1
9525,1
9526,1
9527,0
9528,1
9529,1
9530,1
9531,0
9532,1
9533,0
9534,1
9535,1
9536,1
9537,1
9538,0
9539,1
9540,1
9541,1
9542,1
9543,1
9544,0
9545,1
9546,0
9547,1
9548,1
9549,1
9550,0
9551,0
9552,0
9553,0
9554,0
9555,1
9556,0
9557,0
9558,0
9559,1
9560,0
9561,1
9562,1
9563,1
9564,1
9565,1
9566,1
9567,0
9568,1
9569,1
9570,0
9571,0
9572,1
9573,1
9574,1
9575,0
9576,0
9577,0
9578,1
9579,1
9580,1
9581,0
9582,1
9583,0
9584,1
9585,1
9586,1
9587,1
9588,1
9589,1
9590,0
9591,1
9592,0
9593,1
9594,1
9595,1
9596,1
9597,0
9598,1
9599,1
9600,1
9601,1
9602,1
9603,1
9604,1
9605,0
9606,0
9607,1
9608,0
9609,1
9610,0
9611,1
9612,1
9613,1
9614,1
9615,0
9616,1
9617,0
9618,1
9619,1
9620,1
9621,1
9622,0
9623,1
9624,1
9625,0
9626,1
9627,1
9628,0
9629,0
9630,1
9631,1
9632,1
9633,1
9634,0
9635,1
9636,0
9637,1
9638,1
9639,1
9640,1
9641,1
9642,1
9643,1
9644,0
9645,1
9646,0
9647,0
9648,0
9649,1
9650,0
9651,1
9652,1
9653,1
9654,1
9655,1
9656,1
9657,0
9658,1
9659,1
9660,1
9661,1
9662,1
9663,0
9664,1
9665,0
9666,1
9667,1
9668,1
9669,1
9670,1
9671,0
9672,0
9673,1
9674,0
9675,1
9676,0
9677,1
9678,1
9679,1
9680,1
9681,1
9682,0
9683,1
9684,0
9685,0
9686,1
9687,1
9688,0
9689,1
9690,1
9691,0
9692,1
9693,1
9694,1
9695,1
9696,1
9697,1
9698,0
9699,0
9700,1
9701,0
9702,0
9703,0
9704,0
9705,1
9706,0
9707,1
9708,1
9709,1
9710,1
9711,1
9712,1
9713,1
9714,1
9715,1
9716,1
9717,0
9718,1
9719,0
9720,1
9721,1
9722,1
9723,0
9724,0
9725,1
9726,0
9727,1
9728,0
9729,1
9730,1
9731,0
9732,1
9733,1
9734,1
9735,0
9736,1
9737,1
9738,0
9739,1
9740,1
9741,1
9742,0
9743,0
9744,1
9745,1
9746,0
9747,0
9748,1
9749,1
9750,1
9751,0
9752,1
9753,1
9754,1
9755,1
9756,0
9757,1
9758,1
9759,1
9760,1
9761,0
9762,1
9763,1
9764,0
9765,1
9766,1
9767,0
9768,1
9769,0
9770,0
9771,1
9772,1
9773,1
9774,0
9775,0
9776,0
9777,1
9778,1
9779,1
9780,1
9781,1
9782,1
9783,0
9784,0
9785,1
9786,0
9787,1
9788,0
9789,1
9790,1
9791,0
9792,0
9793,1
9794,1
9795,0
9796,1
9797,1
9798,1
9799,0
9800,0
9801,0
9802,1
9803,0
9804,1
9805,0
9806,1
9807,0
9808,0
9809,1
9810,1
9811,1
9812,1
9813,1
9814,1
9815,0
9816,1
9817,1
9818,0
9819,0
9820,0
9821,1
9822,1
9823,1
9824,1
9825,1
9826,1
9827,1
9828,0
9829,1
9830,1
9831,1
9832,1
9833,1
9834,1
9835,1
9836,0
9837,1
9838,1
9839,1
9840,1
9841,1
9842,1
9843,0
9844,0
9845,1
9846,0
9847,0
9848,1
9849,0
9850,0
9851,1
9852,0
9853,1
9854,1
9855,0
9856,1
9857,0
9858,1
9859,0
9860,0
9861,0
9862,1
9863,1
9864,0
9865,0
9866,0
9867,0
9868,0
9869,1
9870,1
9871,0
9872,1
9873,1
9874,0
9875,0
9876,1
9877,1
9878,0
9879,1
9880,1
9881,0
9882,1
9883,0
9884,1
9885,1
9886,0
9887,0
9888,0
9889,0
9890,1
9891,0
9892,1
9893,1
9894,0
9895,1
9896,1
9897,1
9898,1
9899,1
9900,0
9901,0
9902,1
9903,1
9904,1
9905,1
9906,0
9907,0
9908,0
9909,0
9910,0
9911,1
9912,1
9913,1
9914,0
9915,1
9916,1
9917,1
9918,1
9919,0
9920,1
9921,1
9922,1
9923,1
9924,1
9925,1
9926,0
9927,0
9928,0
9929,0
9930,0
9931,1
9932,1
9933,1
9934,0
9935,1
9936,1
9937,1
9938,1
9939,1
9940,1
9941,0
9942,0
9943,1
9944,0
9945,1
9946,1
9947,1
9948,1
9949,1
9950,1
9951,1
9952,0
9953,0
9954,0
9955,0
9956,0
9957,1
9958,0
9959,1
9960,1
9961,0
9962,0
9963,0
9964,0
9965,1
9966,0
9967,0
9968,1
9969,1
9970,0
9971,1
9972,0
9973,1
9974,0
9975,0
9976,0
9977,0
9978,0
9979,0
9980,0
9981,1
9982,1
9983,0
9984,0
9985,1
9986,1
9987,1
9988,0
9989,0
9990,1
9991,1
9992,1
9993,1
9994,1
9995,1
9996,0
9997,1
9998,1
9999,1
